Workbook

Sheet Petunjuk
A1: Template Pencatatan Hasil Pengujian — ECPresent
A2: Riset: Optimasi Latensi dan Peningkatan Ketahanan Sistem Feedback Presentasi Asinkron Berbasis Gemini API
B5: 1. Legenda warna
B6: Kuning | C6: Diisi oleh penguji (atau ditempel dari CSV hasil export).
B7: Abu-abu | C7: Rumus otomatis. Jangan diketik manual.
B8: Biru tua | C8: Judul kolom.
B9: Hijau | C9: Contoh format pengisian (hanya di sheet ini, tidak ikut dihitung).
B11: 2. Cara mengisi
B12: a. Jalankan pengujian (lihat experiment/README.md). Setiap fase memakai label berbeda, mis. baseline, optimized, baseline-fault30.
B13: b. Jalankan npm run experiment:export di folder backend. Script membuat file experiment/results/template_video_<waktu>.csv yang urutan kolomnya sama persis dengan sheet 'Data Pengujian' (kolom A–S).
B14: c. Buka CSV itu, salin baris data (tanpa judul kolom), lalu tempel ke sheet 'Data Pengujian' mulai sel A6. Baris contoh yang sudah terisi (label, mode, kode sampel) boleh tertimpa.
B15: d. Jika Excel memakai format Indonesia (koma sebagai desimal), jalankan export dengan npm run experiment:export -- --decimal-comma supaya angka terbaca benar.
B16: e. Bisa juga diisi manual dari console backend (baris [TIMING]) atau dari tabel processing_logs. Gunakan tabel pemetaan di bawah.
B17: f. Sheet 'Ringkasan Latensi', 'Ringkasan Ketahanan', 'Uji Berpasangan', dan 'Grafik' terisi otomatis. Ganti Label A/B di 'Ringkasan Latensi' atau 'Uji Berpasangan' untuk membandingkan fase lain.
B18: g. Data tahap jawaban QnA (Fase D, opsional) diisi di sheet 'Data QnA' dari template_answer_<waktu>.csv (npm run experiment:export -- --kind ANSWER).
B20: 3. Pemetaan kolom (sheet ← kolom CSV processing_logs_video_*.csv)
B21: Kolom sheet | C21: Kolom CSV / database | D21: Keterangan
B22: Label Fase | C22: experiment_label | D22: Label fase pengujian (EXPERIMENT_LABEL atau --label runner).
B23: Mode | C23: pipeline_mode | D23: baseline / optimized.
B24: Kode Sampel | C24: sample_label | D24: Nama file video tanpa ekstensi, atau judul presentasi di aplikasi.
B25: Durasi Target (mnt) | C25: duration_bucket_min | D25: Kelompok durasi terdekat: 1, 3, 5, 8.
B26: Durasi Aktual (dtk) | C26: video_duration_sec | D26: Dibaca dari header MP4/MOV.
B27: Ukuran File (MB) | C27: file_size_mb
B28: Terima File di Server (dtk) | C28: server_receive_s | D28: Lama server menerima file dari HP/runner.
B29: Upload ke Gemini (dtk) | C29: gemini_upload_s | D29: Total semua percobaan upload.
B30: Tunggu File ACTIVE (dtk) | C30: file_active_s | D30: Polling sampai file siap diproses Gemini.
B31: generateContent (dtk) | C31: generate_s | D31: Total semua percobaan generateContent.
B32: Simpan ke DB (dtk) | C32: save_s
B33: Total Server (dtk) | C33: total_s | D33: Request diterima → feedback tersimpan. Variabel terikat utama.
B34: Total Dirasakan User (dtk) | C34: client_total_s | D34: Tekan Upload → hasil tampil di aplikasi/runner.
B35: Jumlah Percobaan generate | C35: generate_attempts | D35: > 1 berarti terjadi retry.
B36: Status Akhir | C36: outcome | D36: Lihat definisi di bawah.
B37: Tahap Gagal | C37: failure_stage | D37: Tahap tempat error terjadi.
B38: Catatan | C38: error_message | D38: Pesan error, kondisi jaringan, dsb.
B40: 4. Definisi Status Akhir
B41: Status | C41: Kondisi | D41: Arti
B42: SUCCESS | C42: status = SUCCESS | D42: Analisis Gemini berhasil.
B43: SILENT_FAILURE | C43: status = FALLBACK | D43: Gemini gagal tetapi user tetap menerima feedback mock skor 0 tanpa diberi tahu (khas baseline).
B44: FAILED | C44: status = FAILED | D44: Gagal dan user diberi tahu lewat dialog di aplikasi (khas optimized).
B45: TIMEOUT | C45: status = TIMEOUT | D45: Dihentikan karena melewati batas waktu (watchdog/deadline).
B46: STUCK | C46: RUNNING tanpa progres > 5 menit | D46: Proses macet; user menunggu tanpa kepastian.
B48: 5. Contoh pengisian satu baris (ilustrasi format, bukan data hasil pengujian)
B49: Kolom | C49: Contoh nilai
B50: No | C50: 1
B51: Tanggal | C51: 2026-10-07
B52: Label Fase | C52: baseline
B53: Mode | C53: baseline
B54: Kode Sampel | C54: 05min_02
B55: Durasi Target (mnt) | C55: 5
B56: Durasi Aktual (dtk) | C56: 301.4
B57: Ukuran File (MB) | C57: 58.7
B58: Terima File di Server (dtk) | C58: 1.92
B59: Upload ke Gemini (dtk) | C59: 6.84
B60: Tunggu File ACTIVE (dtk) | C60: 24.1
B61: generateContent (dtk) | C61: 38.52
B62: Simpan ke DB (dtk) | C62: 0.02
B63: Total Server (dtk) | C63: 71.6
B64: Total Dirasakan User (dtk) | C64: 79.35
B65: Jumlah Percobaan generate | C65: 1
B66: Status Akhir | C66: SUCCESS
B67: Tahap Gagal | C67: (kosong)
B68: Catatan | C68: WiFi kampus
B70: 6. Catatan
B71: • Statistik waktu (rata-rata, SD, median, P95) hanya memakai baris SUCCESS; baris gagal tetap dihitung di tingkat kegagalan.
B72: • Lain-lain = Total Server dikurangi semua tahap terukur: waktu antre, jeda backoff retry, dan overhead polling.
B73: • SD tidak ditampilkan bila n < 2. Uji signifikansi per kelompok durasi (n = 3) tidak disarankan: dengan 3 data per kelompok, uji dua arah tidak mungkin mencapai p < 0,05.
B74: • Untuk uji latensi, pakai sheet 'Uji Berpasangan' (Wilcoxon signed-rank): video yang sama di Label A vs B, semua durasi digabung (12 pasangan). Untuk tingkat kegagalan, pakai Fisher's exact test (mis. di JASP atau kalkulator online) dengan jumlah sukses/gagal dari 'Ringkasan Ketahanan'.
B75: • Kapasitas: 500 baris di 'Data Pengujian' dan 200 baris di 'Data QnA'. Baris 6–53 sudah diberi label untuk Fase A–C (4 label × 4 durasi × 3 sampel).

Sheet Data Pengujian
A1: Data Pengujian — Tahap Analisis Video
A2: Satu baris = satu video yang diuji. Isi kolom kuning (atau tempel dari template_video_*.csv mulai sel A6). Kolom abu-abu dihitung otomatis.
A4: Identitas Sampel | I4: Waktu per Tahap (detik) | P4: Hasil | T4: Dihitung Otomatis
A5: No | B5: Tanggal | C5: Label Fase | D5: Mode | E5: Kode Sampel | F5: Durasi Target (mnt) | G5: Durasi Aktual (dtk) | H5: Ukuran File (MB) | I5: Terima File di Server (dtk) | J5: Upload ke Gemini (dtk) | K5: Tunggu File ACTIVE (dtk) | L5: generateContent (dtk) | M5: Simpan ke DB (dtk) | N5: Total Server (dtk) | O5: Total Dirasakan User (dtk) | P5: Jumlah Percobaan generate | Q5: Status Akhir | R5: Tahap Gagal | S5: Catatan | T5: Sukses (1/0) | U5: Lain-lain: antre + jeda retry (dtk) | V5: Porsi generateContent dari Total | W5: Latensi per Menit Video (dtk/mnt)
A6: 1 | C6: baseline | D6: baseline | E6: 01min_01 | F6: 1 | T6: =IF(Q6="","",IF(Q6="SUCCESS",1,0)) | U6: =IF(OR(N6="",Q6<>"SUCCESS"),"",N6-SUM(I6:M6)) | V6: =IF(OR(N6="",N6=0,L6=""),"",L6/N6) | W6: =IF(OR(N6="",G6="",G6=0),"",N6/(G6/60))
A7: 2 | C7: baseline | D7: baseline | E7: 01min_02 | F7: 1 | T7: =IF(Q7="","",IF(Q7="SUCCESS",1,0)) | U7: =IF(OR(N7="",Q7<>"SUCCESS"),"",N7-SUM(I7:M7)) | V7: =IF(OR(N7="",N7=0,L7=""),"",L7/N7) | W7: =IF(OR(N7="",G7="",G7=0),"",N7/(G7/60))
A8: 3 | C8: baseline | D8: baseline | E8: 01min_03 | F8: 1 | T8: =IF(Q8="","",IF(Q8="SUCCESS",1,0)) | U8: =IF(OR(N8="",Q8<>"SUCCESS"),"",N8-SUM(I8:M8)) | V8: =IF(OR(N8="",N8=0,L8=""),"",L8/N8) | W8: =IF(OR(N8="",G8="",G8=0),"",N8/(G8/60))
A9: 4 | C9: baseline | D9: baseline | E9: 03min_01 | F9: 3 | T9: =IF(Q9="","",IF(Q9="SUCCESS",1,0)) | U9: =IF(OR(N9="",Q9<>"SUCCESS"),"",N9-SUM(I9:M9)) | V9: =IF(OR(N9="",N9=0,L9=""),"",L9/N9) | W9: =IF(OR(N9="",G9="",G9=0),"",N9/(G9/60))
A10: 5 | C10: baseline | D10: baseline | E10: 03min_02 | F10: 3 | T10: =IF(Q10="","",IF(Q10="SUCCESS",1,0)) | U10: =IF(OR(N10="",Q10<>"SUCCESS"),"",N10-SUM(I10:M10)) | V10: =IF(OR(N10="",N10=0,L10=""),"",L10/N10) | W10: =IF(OR(N10="",G10="",G10=0),"",N10/(G10/60))
A11: 6 | C11: baseline | D11: baseline | E11: 03min_03 | F11: 3 | T11: =IF(Q11="","",IF(Q11="SUCCESS",1,0)) | U11: =IF(OR(N11="",Q11<>"SUCCESS"),"",N11-SUM(I11:M11)) | V11: =IF(OR(N11="",N11=0,L11=""),"",L11/N11) | W11: =IF(OR(N11="",G11="",G11=0),"",N11/(G11/60))
A12: 7 | C12: baseline | D12: baseline | E12: 05min_01 | F12: 5 | T12: =IF(Q12="","",IF(Q12="SUCCESS",1,0)) | U12: =IF(OR(N12="",Q12<>"SUCCESS"),"",N12-SUM(I12:M12)) | V12: =IF(OR(N12="",N12=0,L12=""),"",L12/N12) | W12: =IF(OR(N12="",G12="",G12=0),"",N12/(G12/60))
A13: 8 | C13: baseline | D13: baseline | E13: 05min_02 | F13: 5 | T13: =IF(Q13="","",IF(Q13="SUCCESS",1,0)) | U13: =IF(OR(N13="",Q13<>"SUCCESS"),"",N13-SUM(I13:M13)) | V13: =IF(OR(N13="",N13=0,L13=""),"",L13/N13) | W13: =IF(OR(N13="",G13="",G13=0),"",N13/(G13/60))
A14: 9 | C14: baseline | D14: baseline | E14: 05min_03 | F14: 5 | T14: =IF(Q14="","",IF(Q14="SUCCESS",1,0)) | U14: =IF(OR(N14="",Q14<>"SUCCESS"),"",N14-SUM(I14:M14)) | V14: =IF(OR(N14="",N14=0,L14=""),"",L14/N14) | W14: =IF(OR(N14="",G14="",G14=0),"",N14/(G14/60))
A15: 10 | C15: baseline | D15: baseline | E15: 08min_01 | F15: 8 | T15: =IF(Q15="","",IF(Q15="SUCCESS",1,0)) | U15: =IF(OR(N15="",Q15<>"SUCCESS"),"",N15-SUM(I15:M15)) | V15: =IF(OR(N15="",N15=0,L15=""),"",L15/N15) | W15: =IF(OR(N15="",G15="",G15=0),"",N15/(G15/60))
A16: 11 | C16: baseline | D16: baseline | E16: 08min_02 | F16: 8 | T16: =IF(Q16="","",IF(Q16="SUCCESS",1,0)) | U16: =IF(OR(N16="",Q16<>"SUCCESS"),"",N16-SUM(I16:M16)) | V16: =IF(OR(N16="",N16=0,L16=""),"",L16/N16) | W16: =IF(OR(N16="",G16="",G16=0),"",N16/(G16/60))
A17: 12 | C17: baseline | D17: baseline | E17: 08min_03 | F17: 8 | T17: =IF(Q17="","",IF(Q17="SUCCESS",1,0)) | U17: =IF(OR(N17="",Q17<>"SUCCESS"),"",N17-SUM(I17:M17)) | V17: =IF(OR(N17="",N17=0,L17=""),"",L17/N17) | W17: =IF(OR(N17="",G17="",G17=0),"",N17/(G17/60))
... A53: 48 | C53: optimized-fault30 | D53: optimized | E53: 08min_03 | F53: 8 | T53: =IF(Q53="","",IF(Q53="SUCCESS",1,0)) | U53: =IF(OR(N53="",Q53<>"SUCCESS"),"",N53-SUM(I53:M53)) | V53: =IF(OR(N53="",N53=0,L53=""),"",L53/N53) | W53: =IF(OR(N53="",G53="",G53=0),"",N53/(G53/60))
T54: =IF(Q54="","",IF(Q54="SUCCESS",1,0)) | U54: =IF(OR(N54="",Q54<>"SUCCESS"),"",N54-SUM(I54:M54)) | V54: =IF(OR(N54="",N54=0,L54=""),"",L54/N54) | W54: =IF(OR(N54="",G54="",G54=0),"",N54/(G54/60))
T55: =IF(Q55="","",IF(Q55="SUCCESS",1,0)) | U55: =IF(OR(N55="",Q55<>"SUCCESS"),"",N55-SUM(I55:M55)) | V55: =IF(OR(N55="",N55=0,L55=""),"",L55/N55) | W55: =IF(OR(N55="",G55="",G55=0),"",N55/(G55/60))
T56: =IF(Q56="","",IF(Q56="SUCCESS",1,0)) | U56: =IF(OR(N56="",Q56<>"SUCCESS"),"",N56-SUM(I56:M56)) | V56: =IF(OR(N56="",N56=0,L56=""),"",L56/N56) | W56: =IF(OR(N56="",G56="",G56=0),"",N56/(G56/60))
T57: =IF(Q57="","",IF(Q57="SUCCESS",1,0)) | U57: =IF(OR(N57="",Q57<>"SUCCESS"),"",N57-SUM(I57:M57)) | V57: =IF(OR(N57="",N57=0,L57=""),"",L57/N57) | W57: =IF(OR(N57="",G57="",G57=0),"",N57/(G57/60))
T58: =IF(Q58="","",IF(Q58="SUCCESS",1,0)) | U58: =IF(OR(N58="",Q58<>"SUCCESS"),"",N58-SUM(I58:M58)) | V58: =IF(OR(N58="",N58=0,L58=""),"",L58/N58) | W58: =IF(OR(N58="",G58="",G58=0),"",N58/(G58/60))
T59: =IF(Q59="","",IF(Q59="SUCCESS",1,0)) | U59: =IF(OR(N59="",Q59<>"SUCCESS"),"",N59-SUM(I59:M59)) | V59: =IF(OR(N59="",N59=0,L59=""),"",L59/N59) | W59: =IF(OR(N59="",G59="",G59=0),"",N59/(G59/60))
T60: =IF(Q60="","",IF(Q60="SUCCESS",1,0)) | U60: =IF(OR(N60="",Q60<>"SUCCESS"),"",N60-SUM(I60:M60)) | V60: =IF(OR(N60="",N60=0,L60=""),"",L60/N60) | W60: =IF(OR(N60="",G60="",G60=0),"",N60/(G60/60))
T61: =IF(Q61="","",IF(Q61="SUCCESS",1,0)) | U61: =IF(OR(N61="",Q61<>"SUCCESS"),"",N61-SUM(I61:M61)) | V61: =IF(OR(N61="",N61=0,L61=""),"",L61/N61) | W61: =IF(OR(N61="",G61="",G61=0),"",N61/(G61/60))
T62: =IF(Q62="","",IF(Q62="SUCCESS",1,0)) | U62: =IF(OR(N62="",Q62<>"SUCCESS"),"",N62-SUM(I62:M62)) | V62: =IF(OR(N62="",N62=0,L62=""),"",L62/N62) | W62: =IF(OR(N62="",G62="",G62=0),"",N62/(G62/60))
T63: =IF(Q63="","",IF(Q63="SUCCESS",1,0)) | U63: =IF(OR(N63="",Q63<>"SUCCESS"),"",N63-SUM(I63:M63)) | V63: =IF(OR(N63="",N63=0,L63=""),"",L63/N63) | W63: =IF(OR(N63="",G63="",G63=0),"",N63/(G63/60))
T64: =IF(Q64="","",IF(Q64="SUCCESS",1,0)) | U64: =IF(OR(N64="",Q64<>"SUCCESS"),"",N64-SUM(I64:M64)) | V64: =IF(OR(N64="",N64=0,L64=""),"",L64/N64) | W64: =IF(OR(N64="",G64="",G64=0),"",N64/(G64/60))
T65: =IF(Q65="","",IF(Q65="SUCCESS",1,0)) | U65: =IF(OR(N65="",Q65<>"SUCCESS"),"",N65-SUM(I65:M65)) | V65: =IF(OR(N65="",N65=0,L65=""),"",L65/N65) | W65: =IF(OR(N65="",G65="",G65=0),"",N65/(G65/60))
... T505: =IF(Q505="","",IF(Q505="SUCCESS",1,0)) | U505: =IF(OR(N505="",Q505<>"SUCCESS"),"",N505-SUM(I505:M505)) | V505: =IF(OR(N505="",N505=0,L505=""),"",L505/N505) | W505: =IF(OR(N505="",G505="",G505=0),"",N505/(G505/60))

Sheet Ringkasan Latensi
A1: Ringkasan Latensi per Durasi Video
A2: Statistik waktu hanya memakai baris berstatus SUCCESS. Ganti Label A / Label B (sel kuning) untuk membandingkan fase lain, mis. baseline-fault30 vs optimized-fault30.
B4: Label A | C4: baseline
B5: Label B | C5: optimized
B7: ="Tabel A: "&$C$4
B8: Durasi Target (mnt) | C8: n (diuji) | D8: Sukses | E8: Tingkat Gagal | F8: Rata-rata Total Server (dtk) | G8: SD (dtk) | H8: Median (dtk) | I8: P95 (dtk) | J8: Min (dtk) | K8: Maks (dtk) | L8: Terima File (dtk) | M8: Upload Gemini (dtk) | N8: Tunggu ACTIVE (dtk) | O8: generateContent (dtk) | P8: Simpan DB (dtk) | Q8: Lain-lain (dtk) | R8: Rata-rata Total Dirasakan User (dtk) | S8: Latensi per Menit Video (dtk/mnt) | T8: Rata-rata Percobaan generate
B9: 1 | C9: =SUMPRODUCT(('Data Pengujian'!$C$6:$C$505=$C$4)*('Data Pengujian'!$F$6:$F$505=$B9)*('Data Pengujian'!$Q$6:$Q$505<>"")) | D9: =COUNTIFS('Data Pengujian'!$C$6:$C$505,$C$4,'Data Pengujian'!$F$6:$F$505,$B9,'Data Pengujian'!$Q$6:$Q$505,"SUCCESS") | E9: =IF(C9=0,"",1-D9/C9) | F9: =IFERROR(AVERAGEIFS('Data Pengujian'!$N$6:$N$505,'Data Pengujian'!$C$6:$C$505,$C$4,'Data Pengujian'!$F$6:$F$505,$B9,'Data Pengujian'!$Q$6:$Q$505,"SUCCESS"),"") | G9: =IF(SUMPRODUCT(('Data Pengujian'!$C$6:$C$505=$C$4)*('Data Pengujian'!$F$6:$F$505=$B9)*('Data Pengujian'!$Q$6:$Q$505="SUCCESS")*('Data Pengujian'!$N$6:$N$505<>""))<2,"",SQRT(SUMPRODUCT(('Data Pengujian'!$C$6:$C$505=$C$4)*('Data Pengujian'!$F$6:$F$505=$B9)*('Data Pengujian'!$Q$6:$Q$505="SUCCESS")*('Data Pengujian'!$N$6:$N$505<>"")*('Data Pengujian'!$N$6:$N$505-F9)^2)/(SUMPRODUCT(('Data Pengujian'!$C$6:$C$505=$C$4)*('Data Pengujian'!$F$6:$F$505=$B9)*('Data Pengujian'!$Q$6:$Q$505="SUCCESS")*('Data Pengujian'!$N$6:$N$505<>""))-1))) | H9: {=IFERROR(MEDIAN(IF(('Data Pengujian'!$C$6:$C$505=$C$4)*('Data Pengujian'!$F$6:$F$505=$B9)*('Data Pengujian'!$Q$6:$Q$505="SUCCESS")*('Data Pengujian'!$N$6:$N$505<>""),'Data Pengujian'!$N$6:$N$505)),"")} | I9: {=IFERROR(PERCENTILE(IF(('Data Pengujian'!$C$6:$C$505=$C$4)*('Data Pengujian'!$F$6:$F$505=$B9)*('Data Pengujian'!$Q$6:$Q$505="SUCCESS")*('Data Pengujian'!$N$6:$N$505<>""),'Data Pengujian'!$N$6:$N$505),0.95),"")} | J9: {=IF(SUMPRODUCT(('Data Pengujian'!$C$6:$C$505=$C$4)*('Data Pengujian'!$F$6:$F$505=$B9)*('Data Pengujian'!$Q$6:$Q$505="SUCCESS")*('Data Pengujian'!$N$6:$N$505<>""))=0,"",MIN(IF(('Data Pengujian'!$C$6:$C$505=$C$4)*('Data Pengujian'!$F$6:$F$505=$B9)*('Data Pengujian'!$Q$6:$Q$505="SUCCESS")*('Data Pengujian'!$N$6:$N$505<>""),'Data Pengujian'!$N$6:$N$505)))} | K9: {=IF(SUMPRODUCT(('Data Pengujian'!$C$6:$C$505=$C$4)*('Data Pengujian'!$F$6:$F$505=$B9)*('Data Pengujian'!$Q$6:$Q$505="SUCCESS")*('Data Pengujian'!$N$6:$N$505<>""))=0,"",MAX(IF(('Data Pengujian'!$C$6:$C$505=$C$4)*('Data Pengujian'!$F$6:$F$505=$B9)*('Data Pengujian'!$Q$6:$Q$505="SUCCESS")*('Data Pengujian'!$N$6:$N$505<>""),'Data Pengujian'!$N$6:$N$505)))} | L9: =IFERROR(AVERAGEIFS('Data Pengujian'!$I$6:$I$505,'Data Pengujian'!$C$6:$C$505,$C$4,'Data Pengujian'!$F$6:$F$505,$B9,'Data Pengujian'!$Q$6:$Q$505,"SUCCESS"),"") | M9: =IFERROR(AVERAGEIFS('Data Pengujian'!$J$6:$J$505,'Data Pengujian'!$C$6:$C$505,$C$4,'Data Pengujian'!$F$6:$F$505,$B9,'Data Pengujian'!$Q$6:$Q$505,"SUCCESS"),"") | N9: =IFERROR(AVERAGEIFS('Data Pengujian'!$K$6:$K$505,'Data Pengujian'!$C$6:$C$505,$C$4,'Data Pengujian'!$F$6:$F$505,$B9,'Data Pengujian'!$Q$6:$Q$505,"SUCCESS"),"") | O9: =IFERROR(AVERAGEIFS('Data Pengujian'!$L$6:$L$505,'Data Pengujian'!$C$6:$C$505,$C$4,'Data Pengujian'!$F$6:$F$505,$B9,'Data Pengujian'!$Q$6:$Q$505,"SUCCESS"),"") | P9: =IFERROR(AVERAGEIFS('Data Pengujian'!$M$6:$M$505,'Data Pengujian'!$C$6:$C$505,$C$4,'Data Pengujian'!$F$6:$F$505,$B9,'Data Pengujian'!$Q$6:$Q$505,"SUCCESS"),"") | Q9: =IFERROR(AVERAGEIFS('Data Pengujian'!$U$6:$U$505,'Data Pengujian'!$C$6:$C$505,$C$4,'Data Pengujian'!$F$6:$F$505,$B9,'Data Pengujian'!$Q$6:$Q$505,"SUCCESS"),"") | R9: =IFERROR(AVERAGEIFS('Data Pengujian'!$O$6:$O$505,'Data Pengujian'!$C$6:$C$505,$C$4,'Data Pengujian'!$F$6:$F$505,$B9,'Data Pengujian'!$Q$6:$Q$505,"SUCCESS"),"") | S9: =IFERROR(AVERAGEIFS('Data Pengujian'!$W$6:$W$505,'Data Pengujian'!$C$6:$C$505,$C$4,'Data Pengujian'!$F$6:$F$505,$B9,'Data Pengujian'!$Q$6:$Q$505,"SUCCESS"),"") | T9: =IFERROR(SUMPRODUCT(('Data Pengujian'!$C$6:$C$505=$C$4)*('Data Pengujian'!$F$6:$F$505=$B9)*('Data Pengujian'!$Q$6:$Q$505<>"")*'Data Pengujian'!$P$6:$P$505)/SUMPRODUCT(('Data Pengujian'!$C$6:$C$505=$C$4)*('Data Pengujian'!$F$6:$F$505=$B9)*('Data Pengujian'!$Q$6:$Q$505<>"")*('Data Pengujian'!$P$6:$P$505<>"")),"")
B10: 3 | C10: =SUMPRODUCT(('Data Pengujian'!$C$6:$C$505=$C$4)*('Data Pengujian'!$F$6:$F$505=$B10)*('Data Pengujian'!$Q$6:$Q$505<>"")) | D10: =COUNTIFS('Data Pengujian'!$C$6:$C$505,$C$4,'Data Pengujian'!$F$6:$F$505,$B10,'Data Pengujian'!$Q$6:$Q$505,"SUCCESS") | E10: =IF(C10=0,"",1-D10/C10) | F10: =IFERROR(AVERAGEIFS('Data Pengujian'!$N$6:$N$505,'Data Pengujian'!$C$6:$C$505,$C$4,'Data Pengujian'!$F$6:$F$505,$B10,'Data Pengujian'!$Q$6:$Q$505,"SUCCESS"),"") | G10: =IF(SUMPRODUCT(('Data Pengujian'!$C$6:$C$505=$C$4)*('Data Pengujian'!$F$6:$F$505=$B10)*('Data Pengujian'!$Q$6:$Q$505="SUCCESS")*('Data Pengujian'!$N$6:$N$505<>""))<2,"",SQRT(SUMPRODUCT(('Data Pengujian'!$C$6:$C$505=$C$4)*('Data Pengujian'!$F$6:$F$505=$B10)*('Data Pengujian'!$Q$6:$Q$505="SUCCESS")*('Data Pengujian'!$N$6:$N$505<>"")*('Data Pengujian'!$N$6:$N$505-F10)^2)/(SUMPRODUCT(('Data Pengujian'!$C$6:$C$505=$C$4)*('Data Pengujian'!$F$6:$F$505=$B10)*('Data Pengujian'!$Q$6:$Q$505="SUCCESS")*('Data Pengujian'!$N$6:$N$505<>""))-1))) | H10: {=IFERROR(MEDIAN(IF(('Data Pengujian'!$C$6:$C$505=$C$4)*('Data Pengujian'!$F$6:$F$505=$B10)*('Data Pengujian'!$Q$6:$Q$505="SUCCESS")*('Data Pengujian'!$N$6:$N$505<>""),'Data Pengujian'!$N$6:$N$505)),"")} | I10: {=IFERROR(PERCENTILE(IF(('Data Pengujian'!$C$6:$C$505=$C$4)*('Data Pengujian'!$F$6:$F$505=$B10)*('Data Pengujian'!$Q$6:$Q$505="SUCCESS")*('Data Pengujian'!$N$6:$N$505<>""),'Data Pengujian'!$N$6:$N$505),0.95),"")} | J10: {=IF(SUMPRODUCT(('Data Pengujian'!$C$6:$C$505=$C$4)*('Data Pengujian'!$F$6:$F$505=$B10)*('Data Pengujian'!$Q$6:$Q$505="SUCCESS")*('Data Pengujian'!$N$6:$N$505<>""))=0,"",MIN(IF(('Data Pengujian'!$C$6:$C$505=$C$4)*('Data Pengujian'!$F$6:$F$505=$B10)*('Data Pengujian'!$Q$6:$Q$505="SUCCESS")*('Data Pengujian'!$N$6:$N$505<>""),'Data Pengujian'!$N$6:$N$505)))} | K10: {=IF(SUMPRODUCT(('Data Pengujian'!$C$6:$C$505=$C$4)*('Data Pengujian'!$F$6:$F$505=$B10)*('Data Pengujian'!$Q$6:$Q$505="SUCCESS")*('Data Pengujian'!$N$6:$N$505<>""))=0,"",MAX(IF(('Data Pengujian'!$C$6:$C$505=$C$4)*('Data Pengujian'!$F$6:$F$505=$B10)*('Data Pengujian'!$Q$6:$Q$505="SUCCESS")*('Data Pengujian'!$N$6:$N$505<>""),'Data Pengujian'!$N$6:$N$505)))} | L10: =IFERROR(AVERAGEIFS('Data Pengujian'!$I$6:$I$505,'Data Pengujian'!$C$6:$C$505,$C$4,'Data Pengujian'!$F$6:$F$505,$B10,'Data Pengujian'!$Q$6:$Q$505,"SUCCESS"),"") | M10: =IFERROR(AVERAGEIFS('Data Pengujian'!$J$6:$J$505,'Data Pengujian'!$C$6:$C$505,$C$4,'Data Pengujian'!$F$6:$F$505,$B10,'Data Pengujian'!$Q$6:$Q$505,"SUCCESS"),"") | N10: =IFERROR(AVERAGEIFS('Data Pengujian'!$K$6:$K$505,'Data Pengujian'!$C$6:$C$505,$C$4,'Data Pengujian'!$F$6:$F$505,$B10,'Data Pengujian'!$Q$6:$Q$505,"SUCCESS"),"") | O10: =IFERROR(AVERAGEIFS('Data Pengujian'!$L$6:$L$505,'Data Pengujian'!$C$6:$C$505,$C$4,'Data Pengujian'!$F$6:$F$505,$B10,'Data Pengujian'!$Q$6:$Q$505,"SUCCESS"),"") | P10: =IFERROR(AVERAGEIFS('Data Pengujian'!$M$6:$M$505,'Data Pengujian'!$C$6:$C$505,$C$4,'Data Pengujian'!$F$6:$F$505,$B10,'Data Pengujian'!$Q$6:$Q$505,"SUCCESS"),"") | Q10: =IFERROR(AVERAGEIFS('Data Pengujian'!$U$6:$U$505,'Data Pengujian'!$C$6:$C$505,$C$4,'Data Pengujian'!$F$6:$F$505,$B10,'Data Pengujian'!$Q$6:$Q$505,"SUCCESS"),"") | R10: =IFERROR(AVERAGEIFS('Data Pengujian'!$O$6:$O$505,'Data Pengujian'!$C$6:$C$505,$C$4,'Data Pengujian'!$F$6:$F$505,$B10,'Data Pengujian'!$Q$6:$Q$505,"SUCCESS"),"") | S10: =IFERROR(AVERAGEIFS('Data Pengujian'!$W$6:$W$505,'Data Pengujian'!$C$6:$C$505,$C$4,'Data Pengujian'!$F$6:$F$505,$B10,'Data Pengujian'!$Q$6:$Q$505,"SUCCESS"),"") | T10: =IFERROR(SUMPRODUCT(('Data Pengujian'!$C$6:$C$505=$C$4)*('Data Pengujian'!$F$6:$F$505=$B10)*('Data Pengujian'!$Q$6:$Q$505<>"")*'Data Pengujian'!$P$6:$P$505)/SUMPRODUCT(('Data Pengujian'!$C$6:$C$505=$C$4)*('Data Pengujian'!$F$6:$F$505=$B10)*('Data Pengujian'!$Q$6:$Q$505<>"")*('Data Pengujian'!$P$6:$P$505<>"")),"")
B11: 5 | C11: =SUMPRODUCT(('Data Pengujian'!$C$6:$C$505=$C$4)*('Data Pengujian'!$F$6:$F$505=$B11)*('Data Pengujian'!$Q$6:$Q$505<>"")) | D11: =COUNTIFS('Data Pengujian'!$C$6:$C$505,$C$4,'Data Pengujian'!$F$6:$F$505,$B11,'Data Pengujian'!$Q$6:$Q$505,"SUCCESS") | E11: =IF(C11=0,"",1-D11/C11) | F11: =IFERROR(AVERAGEIFS('Data Pengujian'!$N$6:$N$505,'Data Pengujian'!$C$6:$C$505,$C$4,'Data Pengujian'!$F$6:$F$505,$B11,'Data Pengujian'!$Q$6:$Q$505,"SUCCESS"),"") | G11: =IF(SUMPRODUCT(('Data Pengujian'!$C$6:$C$505=$C$4)*('Data Pengujian'!$F$6:$F$505=$B11)*('Data Pengujian'!$Q$6:$Q$505="SUCCESS")*('Data Pengujian'!$N$6:$N$505<>""))<2,"",SQRT(SUMPRODUCT(('Data Pengujian'!$C$6:$C$505=$C$4)*('Data Pengujian'!$F$6:$F$505=$B11)*('Data Pengujian'!$Q$6:$Q$505="SUCCESS")*('Data Pengujian'!$N$6:$N$505<>"")*('Data Pengujian'!$N$6:$N$505-F11)^2)/(SUMPRODUCT(('Data Pengujian'!$C$6:$C$505=$C$4)*('Data Pengujian'!$F$6:$F$505=$B11)*('Data Pengujian'!$Q$6:$Q$505="SUCCESS")*('Data Pengujian'!$N$6:$N$505<>""))-1))) | H11: {=IFERROR(MEDIAN(IF(('Data Pengujian'!$C$6:$C$505=$C$4)*('Data Pengujian'!$F$6:$F$505=$B11)*('Data Pengujian'!$Q$6:$Q$505="SUCCESS")*('Data Pengujian'!$N$6:$N$505<>""),'Data Pengujian'!$N$6:$N$505)),"")} | I11: {=IFERROR(PERCENTILE(IF(('Data Pengujian'!$C$6:$C$505=$C$4)*('Data Pengujian'!$F$6:$F$505=$B11)*('Data Pengujian'!$Q$6:$Q$505="SUCCESS")*('Data Pengujian'!$N$6:$N$505<>""),'Data Pengujian'!$N$6:$N$505),0.95),"")} | J11: {=IF(SUMPRODUCT(('Data Pengujian'!$C$6:$C$505=$C$4)*('Data Pengujian'!$F$6:$F$505=$B11)*('Data Pengujian'!$Q$6:$Q$505="SUCCESS")*('Data Pengujian'!$N$6:$N$505<>""))=0,"",MIN(IF(('Data Pengujian'!$C$6:$C$505=$C$4)*('Data Pengujian'!$F$6:$F$505=$B11)*('Data Pengujian'!$Q$6:$Q$505="SUCCESS")*('Data Pengujian'!$N$6:$N$505<>""),'Data Pengujian'!$N$6:$N$505)))} | K11: {=IF(SUMPRODUCT(('Data Pengujian'!$C$6:$C$505=$C$4)*('Data Pengujian'!$F$6:$F$505=$B11)*('Data Pengujian'!$Q$6:$Q$505="SUCCESS")*('Data Pengujian'!$N$6:$N$505<>""))=0,"",MAX(IF(('Data Pengujian'!$C$6:$C$505=$C$4)*('Data Pengujian'!$F$6:$F$505=$B11)*('Data Pengujian'!$Q$6:$Q$505="SUCCESS")*('Data Pengujian'!$N$6:$N$505<>""),'Data Pengujian'!$N$6:$N$505)))} | L11: =IFERROR(AVERAGEIFS('Data Pengujian'!$I$6:$I$505,'Data Pengujian'!$C$6:$C$505,$C$4,'Data Pengujian'!$F$6:$F$505,$B11,'Data Pengujian'!$Q$6:$Q$505,"SUCCESS"),"") | M11: =IFERROR(AVERAGEIFS('Data Pengujian'!$J$6:$J$505,'Data Pengujian'!$C$6:$C$505,$C$4,'Data Pengujian'!$F$6:$F$505,$B11,'Data Pengujian'!$Q$6:$Q$505,"SUCCESS"),"") | N11: =IFERROR(AVERAGEIFS('Data Pengujian'!$K$6:$K$505,'Data Pengujian'!$C$6:$C$505,$C$4,'Data Pengujian'!$F$6:$F$505,$B11,'Data Pengujian'!$Q$6:$Q$505,"SUCCESS"),"") | O11: =IFERROR(AVERAGEIFS('Data Pengujian'!$L$6:$L$505,'Data Pengujian'!$C$6:$C$505,$C$4,'Data Pengujian'!$F$6:$F$505,$B11,'Data Pengujian'!$Q$6:$Q$505,"SUCCESS"),"") | P11: =IFERROR(AVERAGEIFS('Data Pengujian'!$M$6:$M$505,'Data Pengujian'!$C$6:$C$505,$C$4,'Data Pengujian'!$F$6:$F$505,$B11,'Data Pengujian'!$Q$6:$Q$505,"SUCCESS"),"") | Q11: =IFERROR(AVERAGEIFS('Data Pengujian'!$U$6:$U$505,'Data Pengujian'!$C$6:$C$505,$C$4,'Data Pengujian'!$F$6:$F$505,$B11,'Data Pengujian'!$Q$6:$Q$505,"SUCCESS"),"") | R11: =IFERROR(AVERAGEIFS('Data Pengujian'!$O$6:$O$505,'Data Pengujian'!$C$6:$C$505,$C$4,'Data Pengujian'!$F$6:$F$505,$B11,'Data Pengujian'!$Q$6:$Q$505,"SUCCESS"),"") | S11: =IFERROR(AVERAGEIFS('Data Pengujian'!$W$6:$W$505,'Data Pengujian'!$C$6:$C$505,$C$4,'Data Pengujian'!$F$6:$F$505,$B11,'Data Pengujian'!$Q$6:$Q$505,"SUCCESS"),"") | T11: =IFERROR(SUMPRODUCT(('Data Pengujian'!$C$6:$C$505=$C$4)*('Data Pengujian'!$F$6:$F$505=$B11)*('Data Pengujian'!$Q$6:$Q$505<>"")*'Data Pengujian'!$P$6:$P$505)/SUMPRODUCT(('Data Pengujian'!$C$6:$C$505=$C$4)*('Data Pengujian'!$F$6:$F$505=$B11)*('Data Pengujian'!$Q$6:$Q$505<>"")*('Data Pengujian'!$P$6:$P$505<>"")),"")
B12: 8 | C12: =SUMPRODUCT(('Data Pengujian'!$C$6:$C$505=$C$4)*('Data Pengujian'!$F$6:$F$505=$B12)*('Data Pengujian'!$Q$6:$Q$505<>"")) | D12: =COUNTIFS('Data Pengujian'!$C$6:$C$505,$C$4,'Data Pengujian'!$F$6:$F$505,$B12,'Data Pengujian'!$Q$6:$Q$505,"SUCCESS") | E12: =IF(C12=0,"",1-D12/C12) | F12: =IFERROR(AVERAGEIFS('Data Pengujian'!$N$6:$N$505,'Data Pengujian'!$C$6:$C$505,$C$4,'Data Pengujian'!$F$6:$F$505,$B12,'Data Pengujian'!$Q$6:$Q$505,"SUCCESS"),"") | G12: =IF(SUMPRODUCT(('Data Pengujian'!$C$6:$C$505=$C$4)*('Data Pengujian'!$F$6:$F$505=$B12)*('Data Pengujian'!$Q$6:$Q$505="SUCCESS")*('Data Pengujian'!$N$6:$N$505<>""))<2,"",SQRT(SUMPRODUCT(('Data Pengujian'!$C$6:$C$505=$C$4)*('Data Pengujian'!$F$6:$F$505=$B12)*('Data Pengujian'!$Q$6:$Q$505="SUCCESS")*('Data Pengujian'!$N$6:$N$505<>"")*('Data Pengujian'!$N$6:$N$505-F12)^2)/(SUMPRODUCT(('Data Pengujian'!$C$6:$C$505=$C$4)*('Data Pengujian'!$F$6:$F$505=$B12)*('Data Pengujian'!$Q$6:$Q$505="SUCCESS")*('Data Pengujian'!$N$6:$N$505<>""))-1))) | H12: {=IFERROR(MEDIAN(IF(('Data Pengujian'!$C$6:$C$505=$C$4)*('Data Pengujian'!$F$6:$F$505=$B12)*('Data Pengujian'!$Q$6:$Q$505="SUCCESS")*('Data Pengujian'!$N$6:$N$505<>""),'Data Pengujian'!$N$6:$N$505)),"")} | I12: {=IFERROR(PERCENTILE(IF(('Data Pengujian'!$C$6:$C$505=$C$4)*('Data Pengujian'!$F$6:$F$505=$B12)*('Data Pengujian'!$Q$6:$Q$505="SUCCESS")*('Data Pengujian'!$N$6:$N$505<>""),'Data Pengujian'!$N$6:$N$505),0.95),"")} | J12: {=IF(SUMPRODUCT(('Data Pengujian'!$C$6:$C$505=$C$4)*('Data Pengujian'!$F$6:$F$505=$B12)*('Data Pengujian'!$Q$6:$Q$505="SUCCESS")*('Data Pengujian'!$N$6:$N$505<>""))=0,"",MIN(IF(('Data Pengujian'!$C$6:$C$505=$C$4)*('Data Pengujian'!$F$6:$F$505=$B12)*('Data Pengujian'!$Q$6:$Q$505="SUCCESS")*('Data Pengujian'!$N$6:$N$505<>""),'Data Pengujian'!$N$6:$N$505)))} | K12: {=IF(SUMPRODUCT(('Data Pengujian'!$C$6:$C$505=$C$4)*('Data Pengujian'!$F$6:$F$505=$B12)*('Data Pengujian'!$Q$6:$Q$505="SUCCESS")*('Data Pengujian'!$N$6:$N$505<>""))=0,"",MAX(IF(('Data Pengujian'!$C$6:$C$505=$C$4)*('Data Pengujian'!$F$6:$F$505=$B12)*('Data Pengujian'!$Q$6:$Q$505="SUCCESS")*('Data Pengujian'!$N$6:$N$505<>""),'Data Pengujian'!$N$6:$N$505)))} | L12: =IFERROR(AVERAGEIFS('Data Pengujian'!$I$6:$I$505,'Data Pengujian'!$C$6:$C$505,$C$4,'Data Pengujian'!$F$6:$F$505,$B12,'Data Pengujian'!$Q$6:$Q$505,"SUCCESS"),"") | M12: =IFERROR(AVERAGEIFS('Data Pengujian'!$J$6:$J$505,'Data Pengujian'!$C$6:$C$505,$C$4,'Data Pengujian'!$F$6:$F$505,$B12,'Data Pengujian'!$Q$6:$Q$505,"SUCCESS"),"") | N12: =IFERROR(AVERAGEIFS('Data Pengujian'!$K$6:$K$505,'Data Pengujian'!$C$6:$C$505,$C$4,'Data Pengujian'!$F$6:$F$505,$B12,'Data Pengujian'!$Q$6:$Q$505,"SUCCESS"),"") | O12: =IFERROR(AVERAGEIFS('Data Pengujian'!$L$6:$L$505,'Data Pengujian'!$C$6:$C$505,$C$4,'Data Pengujian'!$F$6:$F$505,$B12,'Data Pengujian'!$Q$6:$Q$505,"SUCCESS"),"") | P12: =IFERROR(AVERAGEIFS('Data Pengujian'!$M$6:$M$505,'Data Pengujian'!$C$6:$C$505,$C$4,'Data Pengujian'!$F$6:$F$505,$B12,'Data Pengujian'!$Q$6:$Q$505,"SUCCESS"),"") | Q12: =IFERROR(AVERAGEIFS('Data Pengujian'!$U$6:$U$505,'Data Pengujian'!$C$6:$C$505,$C$4,'Data Pengujian'!$F$6:$F$505,$B12,'Data Pengujian'!$Q$6:$Q$505,"SUCCESS"),"") | R12: =IFERROR(AVERAGEIFS('Data Pengujian'!$O$6:$O$505,'Data Pengujian'!$C$6:$C$505,$C$4,'Data Pengujian'!$F$6:$F$505,$B12,'Data Pengujian'!$Q$6:$Q$505,"SUCCESS"),"") | S12: =IFERROR(AVERAGEIFS('Data Pengujian'!$W$6:$W$505,'Data Pengujian'!$C$6:$C$505,$C$4,'Data Pengujian'!$F$6:$F$505,$B12,'Data Pengujian'!$Q$6:$Q$505,"SUCCESS"),"") | T12: =IFERROR(SUMPRODUCT(('Data Pengujian'!$C$6:$C$505=$C$4)*('Data Pengujian'!$F$6:$F$505=$B12)*('Data Pengujian'!$Q$6:$Q$505<>"")*'Data Pengujian'!$P$6:$P$505)/SUMPRODUCT(('Data Pengujian'!$C$6:$C$505=$C$4)*('Data Pengujian'!$F$6:$F$505=$B12)*('Data Pengujian'!$Q$6:$Q$505<>"")*('Data Pengujian'!$P$6:$P$505<>"")),"")
B13: Semua | C13: =SUMPRODUCT(('Data Pengujian'!$C$6:$C$505=$C$4)*('Data Pengujian'!$Q$6:$Q$505<>"")) | D13: =COUNTIFS('Data Pengujian'!$C$6:$C$505,$C$4,'Data Pengujian'!$Q$6:$Q$505,"SUCCESS") | E13: =IF(C13=0,"",1-D13/C13) | F13: =IFERROR(AVERAGEIFS('Data Pengujian'!$N$6:$N$505,'Data Pengujian'!$C$6:$C$505,$C$4,'Data Pengujian'!$Q$6:$Q$505,"SUCCESS"),"") | G13: =IF(SUMPRODUCT(('Data Pengujian'!$C$6:$C$505=$C$4)*('Data Pengujian'!$Q$6:$Q$505="SUCCESS")*('Data Pengujian'!$N$6:$N$505<>""))<2,"",SQRT(SUMPRODUCT(('Data Pengujian'!$C$6:$C$505=$C$4)*('Data Pengujian'!$Q$6:$Q$505="SUCCESS")*('Data Pengujian'!$N$6:$N$505<>"")*('Data Pengujian'!$N$6:$N$505-F13)^2)/(SUMPRODUCT(('Data Pengujian'!$C$6:$C$505=$C$4)*('Data Pengujian'!$Q$6:$Q$505="SUCCESS")*('Data Pengujian'!$N$6:$N$505<>""))-1))) | H13: {=IFERROR(MEDIAN(IF(('Data Pengujian'!$C$6:$C$505=$C$4)*('Data Pengujian'!$Q$6:$Q$505="SUCCESS")*('Data Pengujian'!$N$6:$N$505<>""),'Data Pengujian'!$N$6:$N$505)),"")} | I13: {=IFERROR(PERCENTILE(IF(('Data Pengujian'!$C$6:$C$505=$C$4)*('Data Pengujian'!$Q$6:$Q$505="SUCCESS")*('Data Pengujian'!$N$6:$N$505<>""),'Data Pengujian'!$N$6:$N$505),0.95),"")} | J13: {=IF(SUMPRODUCT(('Data Pengujian'!$C$6:$C$505=$C$4)*('Data Pengujian'!$Q$6:$Q$505="SUCCESS")*('Data Pengujian'!$N$6:$N$505<>""))=0,"",MIN(IF(('Data Pengujian'!$C$6:$C$505=$C$4)*('Data Pengujian'!$Q$6:$Q$505="SUCCESS")*('Data Pengujian'!$N$6:$N$505<>""),'Data Pengujian'!$N$6:$N$505)))} | K13: {=IF(SUMPRODUCT(('Data Pengujian'!$C$6:$C$505=$C$4)*('Data Pengujian'!$Q$6:$Q$505="SUCCESS")*('Data Pengujian'!$N$6:$N$505<>""))=0,"",MAX(IF(('Data Pengujian'!$C$6:$C$505=$C$4)*('Data Pengujian'!$Q$6:$Q$505="SUCCESS")*('Data Pengujian'!$N$6:$N$505<>""),'Data Pengujian'!$N$6:$N$505)))} | L13: =IFERROR(AVERAGEIFS('Data Pengujian'!$I$6:$I$505,'Data Pengujian'!$C$6:$C$505,$C$4,'Data Pengujian'!$Q$6:$Q$505,"SUCCESS"),"") | M13: =IFERROR(AVERAGEIFS('Data Pengujian'!$J$6:$J$505,'Data Pengujian'!$C$6:$C$505,$C$4,'Data Pengujian'!$Q$6:$Q$505,"SUCCESS"),"") | N13: =IFERROR(AVERAGEIFS('Data Pengujian'!$K$6:$K$505,'Data Pengujian'!$C$6:$C$505,$C$4,'Data Pengujian'!$Q$6:$Q$505,"SUCCESS"),"") | O13: =IFERROR(AVERAGEIFS('Data Pengujian'!$L$6:$L$505,'Data Pengujian'!$C$6:$C$505,$C$4,'Data Pengujian'!$Q$6:$Q$505,"SUCCESS"),"") | P13: =IFERROR(AVERAGEIFS('Data Pengujian'!$M$6:$M$505,'Data Pengujian'!$C$6:$C$505,$C$4,'Data Pengujian'!$Q$6:$Q$505,"SUCCESS"),"") | Q13: =IFERROR(AVERAGEIFS('Data Pengujian'!$U$6:$U$505,'Data Pengujian'!$C$6:$C$505,$C$4,'Data Pengujian'!$Q$6:$Q$505,"SUCCESS"),"") | R13: =IFERROR(AVERAGEIFS('Data Pengujian'!$O$6:$O$505,'Data Pengujian'!$C$6:$C$505,$C$4,'Data Pengujian'!$Q$6:$Q$505,"SUCCESS"),"") | S13: =IFERROR(AVERAGEIFS('Data Pengujian'!$W$6:$W$505,'Data Pengujian'!$C$6:$C$505,$C$4,'Data Pengujian'!$Q$6:$Q$505,"SUCCESS"),"") | T13: =IFERROR(SUMPRODUCT(('Data Pengujian'!$C$6:$C$505=$C$4)*('Data Pengujian'!$Q$6:$Q$505<>"")*'Data Pengujian'!$P$6:$P$505)/SUMPRODUCT(('Data Pengujian'!$C$6:$C$505=$C$4)*('Data Pengujian'!$Q$6:$Q$505<>"")*('Data Pengujian'!$P$6:$P$505<>"")),"")
B16: ="Tabel B: "&$C$5
B17: Durasi Target (mnt) | C17: n (diuji) | D17: Sukses | E17: Tingkat Gagal | F17: Rata-rata Total Server (dtk) | G17: SD (dtk) | H17: Median (dtk) | I17: P95 (dtk) | J17: Min (dtk) | K17: Maks (dtk) | L17: Terima File (dtk) | M17: Upload Gemini (dtk) | N17: Tunggu ACTIVE (dtk) | O17: generateContent (dtk) | P17: Simpan DB (dtk) | Q17: Lain-lain (dtk) | R17: Rata-rata Total Dirasakan User (dtk) | S17: Latensi per Menit Video (dtk/mnt) | T17: Rata-rata Percobaan generate
B18: 1 | C18: =SUMPRODUCT(('Data Pengujian'!$C$6:$C$505=$C$5)*('Data Pengujian'!$F$6:$F$505=$B18)*('Data Pengujian'!$Q$6:$Q$505<>"")) | D18: =COUNTIFS('Data Pengujian'!$C$6:$C$505,$C$5,'Data Pengujian'!$F$6:$F$505,$B18,'Data Pengujian'!$Q$6:$Q$505,"SUCCESS") | E18: =IF(C18=0,"",1-D18/C18) | F18: =IFERROR(AVERAGEIFS('Data Pengujian'!$N$6:$N$505,'Data Pengujian'!$C$6:$C$505,$C$5,'Data Pengujian'!$F$6:$F$505,$B18,'Data Pengujian'!$Q$6:$Q$505,"SUCCESS"),"") | G18: =IF(SUMPRODUCT(('Data Pengujian'!$C$6:$C$505=$C$5)*('Data Pengujian'!$F$6:$F$505=$B18)*('Data Pengujian'!$Q$6:$Q$505="SUCCESS")*('Data Pengujian'!$N$6:$N$505<>""))<2,"",SQRT(SUMPRODUCT(('Data Pengujian'!$C$6:$C$505=$C$5)*('Data Pengujian'!$F$6:$F$505=$B18)*('Data Pengujian'!$Q$6:$Q$505="SUCCESS")*('Data Pengujian'!$N$6:$N$505<>"")*('Data Pengujian'!$N$6:$N$505-F18)^2)/(SUMPRODUCT(('Data Pengujian'!$C$6:$C$505=$C$5)*('Data Pengujian'!$F$6:$F$505=$B18)*('Data Pengujian'!$Q$6:$Q$505="SUCCESS")*('Data Pengujian'!$N$6:$N$505<>""))-1))) | H18: {=IFERROR(MEDIAN(IF(('Data Pengujian'!$C$6:$C$505=$C$5)*('Data Pengujian'!$F$6:$F$505=$B18)*('Data Pengujian'!$Q$6:$Q$505="SUCCESS")*('Data Pengujian'!$N$6:$N$505<>""),'Data Pengujian'!$N$6:$N$505)),"")} | I18: {=IFERROR(PERCENTILE(IF(('Data Pengujian'!$C$6:$C$505=$C$5)*('Data Pengujian'!$F$6:$F$505=$B18)*('Data Pengujian'!$Q$6:$Q$505="SUCCESS")*('Data Pengujian'!$N$6:$N$505<>""),'Data Pengujian'!$N$6:$N$505),0.95),"")} | J18: {=IF(SUMPRODUCT(('Data Pengujian'!$C$6:$C$505=$C$5)*('Data Pengujian'!$F$6:$F$505=$B18)*('Data Pengujian'!$Q$6:$Q$505="SUCCESS")*('Data Pengujian'!$N$6:$N$505<>""))=0,"",MIN(IF(('Data Pengujian'!$C$6:$C$505=$C$5)*('Data Pengujian'!$F$6:$F$505=$B18)*('Data Pengujian'!$Q$6:$Q$505="SUCCESS")*('Data Pengujian'!$N$6:$N$505<>""),'Data Pengujian'!$N$6:$N$505)))} | K18: {=IF(SUMPRODUCT(('Data Pengujian'!$C$6:$C$505=$C$5)*('Data Pengujian'!$F$6:$F$505=$B18)*('Data Pengujian'!$Q$6:$Q$505="SUCCESS")*('Data Pengujian'!$N$6:$N$505<>""))=0,"",MAX(IF(('Data Pengujian'!$C$6:$C$505=$C$5)*('Data Pengujian'!$F$6:$F$505=$B18)*('Data Pengujian'!$Q$6:$Q$505="SUCCESS")*('Data Pengujian'!$N$6:$N$505<>""),'Data Pengujian'!$N$6:$N$505)))} | L18: =IFERROR(AVERAGEIFS('Data Pengujian'!$I$6:$I$505,'Data Pengujian'!$C$6:$C$505,$C$5,'Data Pengujian'!$F$6:$F$505,$B18,'Data Pengujian'!$Q$6:$Q$505,"SUCCESS"),"") | M18: =IFERROR(AVERAGEIFS('Data Pengujian'!$J$6:$J$505,'Data Pengujian'!$C$6:$C$505,$C$5,'Data Pengujian'!$F$6:$F$505,$B18,'Data Pengujian'!$Q$6:$Q$505,"SUCCESS"),"") | N18: =IFERROR(AVERAGEIFS('Data Pengujian'!$K$6:$K$505,'Data Pengujian'!$C$6:$C$505,$C$5,'Data Pengujian'!$F$6:$F$505,$B18,'Data Pengujian'!$Q$6:$Q$505,"SUCCESS"),"") | O18: =IFERROR(AVERAGEIFS('Data Pengujian'!$L$6:$L$505,'Data Pengujian'!$C$6:$C$505,$C$5,'Data Pengujian'!$F$6:$F$505,$B18,'Data Pengujian'!$Q$6:$Q$505,"SUCCESS"),"") | P18: =IFERROR(AVERAGEIFS('Data Pengujian'!$M$6:$M$505,'Data Pengujian'!$C$6:$C$505,$C$5,'Data Pengujian'!$F$6:$F$505,$B18,'Data Pengujian'!$Q$6:$Q$505,"SUCCESS"),"") | Q18: =IFERROR(AVERAGEIFS('Data Pengujian'!$U$6:$U$505,'Data Pengujian'!$C$6:$C$505,$C$5,'Data Pengujian'!$F$6:$F$505,$B18,'Data Pengujian'!$Q$6:$Q$505,"SUCCESS"),"") | R18: =IFERROR(AVERAGEIFS('Data Pengujian'!$O$6:$O$505,'Data Pengujian'!$C$6:$C$505,$C$5,'Data Pengujian'!$F$6:$F$505,$B18,'Data Pengujian'!$Q$6:$Q$505,"SUCCESS"),"") | S18: =IFERROR(AVERAGEIFS('Data Pengujian'!$W$6:$W$505,'Data Pengujian'!$C$6:$C$505,$C$5,'Data Pengujian'!$F$6:$F$505,$B18,'Data Pengujian'!$Q$6:$Q$505,"SUCCESS"),"") | T18: =IFERROR(SUMPRODUCT(('Data Pengujian'!$C$6:$C$505=$C$5)*('Data Pengujian'!$F$6:$F$505=$B18)*('Data Pengujian'!$Q$6:$Q$505<>"")*'Data Pengujian'!$P$6:$P$505)/SUMPRODUCT(('Data Pengujian'!$C$6:$C$505=$C$5)*('Data Pengujian'!$F$6:$F$505=$B18)*('Data Pengujian'!$Q$6:$Q$505<>"")*('Data Pengujian'!$P$6:$P$505<>"")),"")
B19: 3 | C19: =SUMPRODUCT(('Data Pengujian'!$C$6:$C$505=$C$5)*('Data Pengujian'!$F$6:$F$505=$B19)*('Data Pengujian'!$Q$6:$Q$505<>"")) | D19: =COUNTIFS('Data Pengujian'!$C$6:$C$505,$C$5,'Data Pengujian'!$F$6:$F$505,$B19,'Data Pengujian'!$Q$6:$Q$505,"SUCCESS") | E19: =IF(C19=0,"",1-D19/C19) | F19: =IFERROR(AVERAGEIFS('Data Pengujian'!$N$6:$N$505,'Data Pengujian'!$C$6:$C$505,$C$5,'Data Pengujian'!$F$6:$F$505,$B19,'Data Pengujian'!$Q$6:$Q$505,"SUCCESS"),"") | G19: =IF(SUMPRODUCT(('Data Pengujian'!$C$6:$C$505=$C$5)*('Data Pengujian'!$F$6:$F$505=$B19)*('Data Pengujian'!$Q$6:$Q$505="SUCCESS")*('Data Pengujian'!$N$6:$N$505<>""))<2,"",SQRT(SUMPRODUCT(('Data Pengujian'!$C$6:$C$505=$C$5)*('Data Pengujian'!$F$6:$F$505=$B19)*('Data Pengujian'!$Q$6:$Q$505="SUCCESS")*('Data Pengujian'!$N$6:$N$505<>"")*('Data Pengujian'!$N$6:$N$505-F19)^2)/(SUMPRODUCT(('Data Pengujian'!$C$6:$C$505=$C$5)*('Data Pengujian'!$F$6:$F$505=$B19)*('Data Pengujian'!$Q$6:$Q$505="SUCCESS")*('Data Pengujian'!$N$6:$N$505<>""))-1))) | H19: {=IFERROR(MEDIAN(IF(('Data Pengujian'!$C$6:$C$505=$C$5)*('Data Pengujian'!$F$6:$F$505=$B19)*('Data Pengujian'!$Q$6:$Q$505="SUCCESS")*('Data Pengujian'!$N$6:$N$505<>""),'Data Pengujian'!$N$6:$N$505)),"")} | I19: {=IFERROR(PERCENTILE(IF(('Data Pengujian'!$C$6:$C$505=$C$5)*('Data Pengujian'!$F$6:$F$505=$B19)*('Data Pengujian'!$Q$6:$Q$505="SUCCESS")*('Data Pengujian'!$N$6:$N$505<>""),'Data Pengujian'!$N$6:$N$505),0.95),"")} | J19: {=IF(SUMPRODUCT(('Data Pengujian'!$C$6:$C$505=$C$5)*('Data Pengujian'!$F$6:$F$505=$B19)*('Data Pengujian'!$Q$6:$Q$505="SUCCESS")*('Data Pengujian'!$N$6:$N$505<>""))=0,"",MIN(IF(('Data Pengujian'!$C$6:$C$505=$C$5)*('Data Pengujian'!$F$6:$F$505=$B19)*('Data Pengujian'!$Q$6:$Q$505="SUCCESS")*('Data Pengujian'!$N$6:$N$505<>""),'Data Pengujian'!$N$6:$N$505)))} | K19: {=IF(SUMPRODUCT(('Data Pengujian'!$C$6:$C$505=$C$5)*('Data Pengujian'!$F$6:$F$505=$B19)*('Data Pengujian'!$Q$6:$Q$505="SUCCESS")*('Data Pengujian'!$N$6:$N$505<>""))=0,"",MAX(IF(('Data Pengujian'!$C$6:$C$505=$C$5)*('Data Pengujian'!$F$6:$F$505=$B19)*('Data Pengujian'!$Q$6:$Q$505="SUCCESS")*('Data Pengujian'!$N$6:$N$505<>""),'Data Pengujian'!$N$6:$N$505)))} | L19: =IFERROR(AVERAGEIFS('Data Pengujian'!$I$6:$I$505,'Data Pengujian'!$C$6:$C$505,$C$5,'Data Pengujian'!$F$6:$F$505,$B19,'Data Pengujian'!$Q$6:$Q$505,"SUCCESS"),"") | M19: =IFERROR(AVERAGEIFS('Data Pengujian'!$J$6:$J$505,'Data Pengujian'!$C$6:$C$505,$C$5,'Data Pengujian'!$F$6:$F$505,$B19,'Data Pengujian'!$Q$6:$Q$505,"SUCCESS"),"") | N19: =IFERROR(AVERAGEIFS('Data Pengujian'!$K$6:$K$505,'Data Pengujian'!$C$6:$C$505,$C$5,'Data Pengujian'!$F$6:$F$505,$B19,'Data Pengujian'!$Q$6:$Q$505,"SUCCESS"),"") | O19: =IFERROR(AVERAGEIFS('Data Pengujian'!$L$6:$L$505,'Data Pengujian'!$C$6:$C$505,$C$5,'Data Pengujian'!$F$6:$F$505,$B19,'Data Pengujian'!$Q$6:$Q$505,"SUCCESS"),"") | P19: =IFERROR(AVERAGEIFS('Data Pengujian'!$M$6:$M$505,'Data Pengujian'!$C$6:$C$505,$C$5,'Data Pengujian'!$F$6:$F$505,$B19,'Data Pengujian'!$Q$6:$Q$505,"SUCCESS"),"") | Q19: =IFERROR(AVERAGEIFS('Data Pengujian'!$U$6:$U$505,'Data Pengujian'!$C$6:$C$505,$C$5,'Data Pengujian'!$F$6:$F$505,$B19,'Data Pengujian'!$Q$6:$Q$505,"SUCCESS"),"") | R19: =IFERROR(AVERAGEIFS('Data Pengujian'!$O$6:$O$505,'Data Pengujian'!$C$6:$C$505,$C$5,'Data Pengujian'!$F$6:$F$505,$B19,'Data Pengujian'!$Q$6:$Q$505,"SUCCESS"),"") | S19: =IFERROR(AVERAGEIFS('Data Pengujian'!$W$6:$W$505,'Data Pengujian'!$C$6:$C$505,$C$5,'Data Pengujian'!$F$6:$F$505,$B19,'Data Pengujian'!$Q$6:$Q$505,"SUCCESS"),"") | T19: =IFERROR(SUMPRODUCT(('Data Pengujian'!$C$6:$C$505=$C$5)*('Data Pengujian'!$F$6:$F$505=$B19)*('Data Pengujian'!$Q$6:$Q$505<>"")*'Data Pengujian'!$P$6:$P$505)/SUMPRODUCT(('Data Pengujian'!$C$6:$C$505=$C$5)*('Data Pengujian'!$F$6:$F$505=$B19)*('Data Pengujian'!$Q$6:$Q$505<>"")*('Data Pengujian'!$P$6:$P$505<>"")),"")
B20: 5 | C20: =SUMPRODUCT(('Data Pengujian'!$C$6:$C$505=$C$5)*('Data Pengujian'!$F$6:$F$505=$B20)*('Data Pengujian'!$Q$6:$Q$505<>"")) | D20: =COUNTIFS('Data Pengujian'!$C$6:$C$505,$C$5,'Data Pengujian'!$F$6:$F$505,$B20,'Data Pengujian'!$Q$6:$Q$505,"SUCCESS") | E20: =IF(C20=0,"",1-D20/C20) | F20: =IFERROR(AVERAGEIFS('Data Pengujian'!$N$6:$N$505,'Data Pengujian'!$C$6:$C$505,$C$5,'Data Pengujian'!$F$6:$F$505,$B20,'Data Pengujian'!$Q$6:$Q$505,"SUCCESS"),"") | G20: =IF(SUMPRODUCT(('Data Pengujian'!$C$6:$C$505=$C$5)*('Data Pengujian'!$F$6:$F$505=$B20)*('Data Pengujian'!$Q$6:$Q$505="SUCCESS")*('Data Pengujian'!$N$6:$N$505<>""))<2,"",SQRT(SUMPRODUCT(('Data Pengujian'!$C$6:$C$505=$C$5)*('Data Pengujian'!$F$6:$F$505=$B20)*('Data Pengujian'!$Q$6:$Q$505="SUCCESS")*('Data Pengujian'!$N$6:$N$505<>"")*('Data Pengujian'!$N$6:$N$505-F20)^2)/(SUMPRODUCT(('Data Pengujian'!$C$6:$C$505=$C$5)*('Data Pengujian'!$F$6:$F$505=$B20)*('Data Pengujian'!$Q$6:$Q$505="SUCCESS")*('Data Pengujian'!$N$6:$N$505<>""))-1))) | H20: {=IFERROR(MEDIAN(IF(('Data Pengujian'!$C$6:$C$505=$C$5)*('Data Pengujian'!$F$6:$F$505=$B20)*('Data Pengujian'!$Q$6:$Q$505="SUCCESS")*('Data Pengujian'!$N$6:$N$505<>""),'Data Pengujian'!$N$6:$N$505)),"")} | I20: {=IFERROR(PERCENTILE(IF(('Data Pengujian'!$C$6:$C$505=$C$5)*('Data Pengujian'!$F$6:$F$505=$B20)*('Data Pengujian'!$Q$6:$Q$505="SUCCESS")*('Data Pengujian'!$N$6:$N$505<>""),'Data Pengujian'!$N$6:$N$505),0.95),"")} | J20: {=IF(SUMPRODUCT(('Data Pengujian'!$C$6:$C$505=$C$5)*('Data Pengujian'!$F$6:$F$505=$B20)*('Data Pengujian'!$Q$6:$Q$505="SUCCESS")*('Data Pengujian'!$N$6:$N$505<>""))=0,"",MIN(IF(('Data Pengujian'!$C$6:$C$505=$C$5)*('Data Pengujian'!$F$6:$F$505=$B20)*('Data Pengujian'!$Q$6:$Q$505="SUCCESS")*('Data Pengujian'!$N$6:$N$505<>""),'Data Pengujian'!$N$6:$N$505)))} | K20: {=IF(SUMPRODUCT(('Data Pengujian'!$C$6:$C$505=$C$5)*('Data Pengujian'!$F$6:$F$505=$B20)*('Data Pengujian'!$Q$6:$Q$505="SUCCESS")*('Data Pengujian'!$N$6:$N$505<>""))=0,"",MAX(IF(('Data Pengujian'!$C$6:$C$505=$C$5)*('Data Pengujian'!$F$6:$F$505=$B20)*('Data Pengujian'!$Q$6:$Q$505="SUCCESS")*('Data Pengujian'!$N$6:$N$505<>""),'Data Pengujian'!$N$6:$N$505)))} | L20: =IFERROR(AVERAGEIFS('Data Pengujian'!$I$6:$I$505,'Data Pengujian'!$C$6:$C$505,$C$5,'Data Pengujian'!$F$6:$F$505,$B20,'Data Pengujian'!$Q$6:$Q$505,"SUCCESS"),"") | M20: =IFERROR(AVERAGEIFS('Data Pengujian'!$J$6:$J$505,'Data Pengujian'!$C$6:$C$505,$C$5,'Data Pengujian'!$F$6:$F$505,$B20,'Data Pengujian'!$Q$6:$Q$505,"SUCCESS"),"") | N20: =IFERROR(AVERAGEIFS('Data Pengujian'!$K$6:$K$505,'Data Pengujian'!$C$6:$C$505,$C$5,'Data Pengujian'!$F$6:$F$505,$B20,'Data Pengujian'!$Q$6:$Q$505,"SUCCESS"),"") | O20: =IFERROR(AVERAGEIFS('Data Pengujian'!$L$6:$L$505,'Data Pengujian'!$C$6:$C$505,$C$5,'Data Pengujian'!$F$6:$F$505,$B20,'Data Pengujian'!$Q$6:$Q$505,"SUCCESS"),"") | P20: =IFERROR(AVERAGEIFS('Data Pengujian'!$M$6:$M$505,'Data Pengujian'!$C$6:$C$505,$C$5,'Data Pengujian'!$F$6:$F$505,$B20,'Data Pengujian'!$Q$6:$Q$505,"SUCCESS"),"") | Q20: =IFERROR(AVERAGEIFS('Data Pengujian'!$U$6:$U$505,'Data Pengujian'!$C$6:$C$505,$C$5,'Data Pengujian'!$F$6:$F$505,$B20,'Data Pengujian'!$Q$6:$Q$505,"SUCCESS"),"") | R20: =IFERROR(AVERAGEIFS('Data Pengujian'!$O$6:$O$505,'Data Pengujian'!$C$6:$C$505,$C$5,'Data Pengujian'!$F$6:$F$505,$B20,'Data Pengujian'!$Q$6:$Q$505,"SUCCESS"),"") | S20: =IFERROR(AVERAGEIFS('Data Pengujian'!$W$6:$W$505,'Data Pengujian'!$C$6:$C$505,$C$5,'Data Pengujian'!$F$6:$F$505,$B20,'Data Pengujian'!$Q$6:$Q$505,"SUCCESS"),"") | T20: =IFERROR(SUMPRODUCT(('Data Pengujian'!$C$6:$C$505=$C$5)*('Data Pengujian'!$F$6:$F$505=$B20)*('Data Pengujian'!$Q$6:$Q$505<>"")*'Data Pengujian'!$P$6:$P$505)/SUMPRODUCT(('Data Pengujian'!$C$6:$C$505=$C$5)*('Data Pengujian'!$F$6:$F$505=$B20)*('Data Pengujian'!$Q$6:$Q$505<>"")*('Data Pengujian'!$P$6:$P$505<>"")),"")
B21: 8 | C21: =SUMPRODUCT(('Data Pengujian'!$C$6:$C$505=$C$5)*('Data Pengujian'!$F$6:$F$505=$B21)*('Data Pengujian'!$Q$6:$Q$505<>"")) | D21: =COUNTIFS('Data Pengujian'!$C$6:$C$505,$C$5,'Data Pengujian'!$F$6:$F$505,$B21,'Data Pengujian'!$Q$6:$Q$505,"SUCCESS") | E21: =IF(C21=0,"",1-D21/C21) | F21: =IFERROR(AVERAGEIFS('Data Pengujian'!$N$6:$N$505,'Data Pengujian'!$C$6:$C$505,$C$5,'Data Pengujian'!$F$6:$F$505,$B21,'Data Pengujian'!$Q$6:$Q$505,"SUCCESS"),"") | G21: =IF(SUMPRODUCT(('Data Pengujian'!$C$6:$C$505=$C$5)*('Data Pengujian'!$F$6:$F$505=$B21)*('Data Pengujian'!$Q$6:$Q$505="SUCCESS")*('Data Pengujian'!$N$6:$N$505<>""))<2,"",SQRT(SUMPRODUCT(('Data Pengujian'!$C$6:$C$505=$C$5)*('Data Pengujian'!$F$6:$F$505=$B21)*('Data Pengujian'!$Q$6:$Q$505="SUCCESS")*('Data Pengujian'!$N$6:$N$505<>"")*('Data Pengujian'!$N$6:$N$505-F21)^2)/(SUMPRODUCT(('Data Pengujian'!$C$6:$C$505=$C$5)*('Data Pengujian'!$F$6:$F$505=$B21)*('Data Pengujian'!$Q$6:$Q$505="SUCCESS")*('Data Pengujian'!$N$6:$N$505<>""))-1))) | H21: {=IFERROR(MEDIAN(IF(('Data Pengujian'!$C$6:$C$505=$C$5)*('Data Pengujian'!$F$6:$F$505=$B21)*('Data Pengujian'!$Q$6:$Q$505="SUCCESS")*('Data Pengujian'!$N$6:$N$505<>""),'Data Pengujian'!$N$6:$N$505)),"")} | I21: {=IFERROR(PERCENTILE(IF(('Data Pengujian'!$C$6:$C$505=$C$5)*('Data Pengujian'!$F$6:$F$505=$B21)*('Data Pengujian'!$Q$6:$Q$505="SUCCESS")*('Data Pengujian'!$N$6:$N$505<>""),'Data Pengujian'!$N$6:$N$505),0.95),"")} | J21: {=IF(SUMPRODUCT(('Data Pengujian'!$C$6:$C$505=$C$5)*('Data Pengujian'!$F$6:$F$505=$B21)*('Data Pengujian'!$Q$6:$Q$505="SUCCESS")*('Data Pengujian'!$N$6:$N$505<>""))=0,"",MIN(IF(('Data Pengujian'!$C$6:$C$505=$C$5)*('Data Pengujian'!$F$6:$F$505=$B21)*('Data Pengujian'!$Q$6:$Q$505="SUCCESS")*('Data Pengujian'!$N$6:$N$505<>""),'Data Pengujian'!$N$6:$N$505)))} | K21: {=IF(SUMPRODUCT(('Data Pengujian'!$C$6:$C$505=$C$5)*('Data Pengujian'!$F$6:$F$505=$B21)*('Data Pengujian'!$Q$6:$Q$505="SUCCESS")*('Data Pengujian'!$N$6:$N$505<>""))=0,"",MAX(IF(('Data Pengujian'!$C$6:$C$505=$C$5)*('Data Pengujian'!$F$6:$F$505=$B21)*('Data Pengujian'!$Q$6:$Q$505="SUCCESS")*('Data Pengujian'!$N$6:$N$505<>""),'Data Pengujian'!$N$6:$N$505)))} | L21: =IFERROR(AVERAGEIFS('Data Pengujian'!$I$6:$I$505,'Data Pengujian'!$C$6:$C$505,$C$5,'Data Pengujian'!$F$6:$F$505,$B21,'Data Pengujian'!$Q$6:$Q$505,"SUCCESS"),"") | M21: =IFERROR(AVERAGEIFS('Data Pengujian'!$J$6:$J$505,'Data Pengujian'!$C$6:$C$505,$C$5,'Data Pengujian'!$F$6:$F$505,$B21,'Data Pengujian'!$Q$6:$Q$505,"SUCCESS"),"") | N21: =IFERROR(AVERAGEIFS('Data Pengujian'!$K$6:$K$505,'Data Pengujian'!$C$6:$C$505,$C$5,'Data Pengujian'!$F$6:$F$505,$B21,'Data Pengujian'!$Q$6:$Q$505,"SUCCESS"),"") | O21: =IFERROR(AVERAGEIFS('Data Pengujian'!$L$6:$L$505,'Data Pengujian'!$C$6:$C$505,$C$5,'Data Pengujian'!$F$6:$F$505,$B21,'Data Pengujian'!$Q$6:$Q$505,"SUCCESS"),"") | P21: =IFERROR(AVERAGEIFS('Data Pengujian'!$M$6:$M$505,'Data Pengujian'!$C$6:$C$505,$C$5,'Data Pengujian'!$F$6:$F$505,$B21,'Data Pengujian'!$Q$6:$Q$505,"SUCCESS"),"") | Q21: =IFERROR(AVERAGEIFS('Data Pengujian'!$U$6:$U$505,'Data Pengujian'!$C$6:$C$505,$C$5,'Data Pengujian'!$F$6:$F$505,$B21,'Data Pengujian'!$Q$6:$Q$505,"SUCCESS"),"") | R21: =IFERROR(AVERAGEIFS('Data Pengujian'!$O$6:$O$505,'Data Pengujian'!$C$6:$C$505,$C$5,'Data Pengujian'!$F$6:$F$505,$B21,'Data Pengujian'!$Q$6:$Q$505,"SUCCESS"),"") | S21: =IFERROR(AVERAGEIFS('Data Pengujian'!$W$6:$W$505,'Data Pengujian'!$C$6:$C$505,$C$5,'Data Pengujian'!$F$6:$F$505,$B21,'Data Pengujian'!$Q$6:$Q$505,"SUCCESS"),"") | T21: =IFERROR(SUMPRODUCT(('Data Pengujian'!$C$6:$C$505=$C$5)*('Data Pengujian'!$F$6:$F$505=$B21)*('Data Pengujian'!$Q$6:$Q$505<>"")*'Data Pengujian'!$P$6:$P$505)/SUMPRODUCT(('Data Pengujian'!$C$6:$C$505=$C$5)*('Data Pengujian'!$F$6:$F$505=$B21)*('Data Pengujian'!$Q$6:$Q$505<>"")*('Data Pengujian'!$P$6:$P$505<>"")),"")
B22: Semua | C22: =SUMPRODUCT(('Data Pengujian'!$C$6:$C$505=$C$5)*('Data Pengujian'!$Q$6:$Q$505<>"")) | D22: =COUNTIFS('Data Pengujian'!$C$6:$C$505,$C$5,'Data Pengujian'!$Q$6:$Q$505,"SUCCESS") | E22: =IF(C22=0,"",1-D22/C22) | F22: =IFERROR(AVERAGEIFS('Data Pengujian'!$N$6:$N$505,'Data Pengujian'!$C$6:$C$505,$C$5,'Data Pengujian'!$Q$6:$Q$505,"SUCCESS"),"") | G22: =IF(SUMPRODUCT(('Data Pengujian'!$C$6:$C$505=$C$5)*('Data Pengujian'!$Q$6:$Q$505="SUCCESS")*('Data Pengujian'!$N$6:$N$505<>""))<2,"",SQRT(SUMPRODUCT(('Data Pengujian'!$C$6:$C$505=$C$5)*('Data Pengujian'!$Q$6:$Q$505="SUCCESS")*('Data Pengujian'!$N$6:$N$505<>"")*('Data Pengujian'!$N$6:$N$505-F22)^2)/(SUMPRODUCT(('Data Pengujian'!$C$6:$C$505=$C$5)*('Data Pengujian'!$Q$6:$Q$505="SUCCESS")*('Data Pengujian'!$N$6:$N$505<>""))-1))) | H22: {=IFERROR(MEDIAN(IF(('Data Pengujian'!$C$6:$C$505=$C$5)*('Data Pengujian'!$Q$6:$Q$505="SUCCESS")*('Data Pengujian'!$N$6:$N$505<>""),'Data Pengujian'!$N$6:$N$505)),"")} | I22: {=IFERROR(PERCENTILE(IF(('Data Pengujian'!$C$6:$C$505=$C$5)*('Data Pengujian'!$Q$6:$Q$505="SUCCESS")*('Data Pengujian'!$N$6:$N$505<>""),'Data Pengujian'!$N$6:$N$505),0.95),"")} | J22: {=IF(SUMPRODUCT(('Data Pengujian'!$C$6:$C$505=$C$5)*('Data Pengujian'!$Q$6:$Q$505="SUCCESS")*('Data Pengujian'!$N$6:$N$505<>""))=0,"",MIN(IF(('Data Pengujian'!$C$6:$C$505=$C$5)*('Data Pengujian'!$Q$6:$Q$505="SUCCESS")*('Data Pengujian'!$N$6:$N$505<>""),'Data Pengujian'!$N$6:$N$505)))} | K22: {=IF(SUMPRODUCT(('Data Pengujian'!$C$6:$C$505=$C$5)*('Data Pengujian'!$Q$6:$Q$505="SUCCESS")*('Data Pengujian'!$N$6:$N$505<>""))=0,"",MAX(IF(('Data Pengujian'!$C$6:$C$505=$C$5)*('Data Pengujian'!$Q$6:$Q$505="SUCCESS")*('Data Pengujian'!$N$6:$N$505<>""),'Data Pengujian'!$N$6:$N$505)))} | L22: =IFERROR(AVERAGEIFS('Data Pengujian'!$I$6:$I$505,'Data Pengujian'!$C$6:$C$505,$C$5,'Data Pengujian'!$Q$6:$Q$505,"SUCCESS"),"") | M22: =IFERROR(AVERAGEIFS('Data Pengujian'!$J$6:$J$505,'Data Pengujian'!$C$6:$C$505,$C$5,'Data Pengujian'!$Q$6:$Q$505,"SUCCESS"),"") | N22: =IFERROR(AVERAGEIFS('Data Pengujian'!$K$6:$K$505,'Data Pengujian'!$C$6:$C$505,$C$5,'Data Pengujian'!$Q$6:$Q$505,"SUCCESS"),"") | O22: =IFERROR(AVERAGEIFS('Data Pengujian'!$L$6:$L$505,'Data Pengujian'!$C$6:$C$505,$C$5,'Data Pengujian'!$Q$6:$Q$505,"SUCCESS"),"") | P22: =IFERROR(AVERAGEIFS('Data Pengujian'!$M$6:$M$505,'Data Pengujian'!$C$6:$C$505,$C$5,'Data Pengujian'!$Q$6:$Q$505,"SUCCESS"),"") | Q22: =IFERROR(AVERAGEIFS('Data Pengujian'!$U$6:$U$505,'Data Pengujian'!$C$6:$C$505,$C$5,'Data Pengujian'!$Q$6:$Q$505,"SUCCESS"),"") | R22: =IFERROR(AVERAGEIFS('Data Pengujian'!$O$6:$O$505,'Data Pengujian'!$C$6:$C$505,$C$5,'Data Pengujian'!$Q$6:$Q$505,"SUCCESS"),"") | S22: =IFERROR(AVERAGEIFS('Data Pengujian'!$W$6:$W$505,'Data Pengujian'!$C$6:$C$505,$C$5,'Data Pengujian'!$Q$6:$Q$505,"SUCCESS"),"") | T22: =IFERROR(SUMPRODUCT(('Data Pengujian'!$C$6:$C$505=$C$5)*('Data Pengujian'!$Q$6:$Q$505<>"")*'Data Pengujian'!$P$6:$P$505)/SUMPRODUCT(('Data Pengujian'!$C$6:$C$505=$C$5)*('Data Pengujian'!$Q$6:$Q$505<>"")*('Data Pengujian'!$P$6:$P$505<>"")),"")
B25: ="Perbandingan: "&$C$4&" vs "&$C$5
B26: Durasi Target (mnt) | C26: Rata-rata Total A (dtk) | D26: Rata-rata Total B (dtk) | E26: Selisih B − A (dtk) | F26: Perubahan (%) | G26: Median A (dtk) | H26: Median B (dtk) | I26: Tingkat Gagal A | J26: Tingkat Gagal B | K26: Total Dirasakan User A (dtk) | L26: Total Dirasakan User B (dtk) | M26: Perubahan User (%)
B27: =B9 | C27: =F9 | D27: =F18 | E27: =IF(OR(C27="",D27=""),"",D27-C27) | F27: =IF(OR(C27="",D27="",C27=0),"",(D27-C27)/C27) | G27: =H9 | H27: =H18 | I27: =E9 | J27: =E18 | K27: =R9 | L27: =R18 | M27: =IF(OR(K27="",L27="",K27=0),"",(L27-K27)/K27)
B28: =B10 | C28: =F10 | D28: =F19 | E28: =IF(OR(C28="",D28=""),"",D28-C28) | F28: =IF(OR(C28="",D28="",C28=0),"",(D28-C28)/C28) | G28: =H10 | H28: =H19 | I28: =E10 | J28: =E19 | K28: =R10 | L28: =R19 | M28: =IF(OR(K28="",L28="",K28=0),"",(L28-K28)/K28)
B29: =B11 | C29: =F11 | D29: =F20 | E29: =IF(OR(C29="",D29=""),"",D29-C29) | F29: =IF(OR(C29="",D29="",C29=0),"",(D29-C29)/C29) | G29: =H11 | H29: =H20 | I29: =E11 | J29: =E20 | K29: =R11 | L29: =R20 | M29: =IF(OR(K29="",L29="",K29=0),"",(L29-K29)/K29)
B30: =B12 | C30: =F12 | D30: =F21 | E30: =IF(OR(C30="",D30=""),"",D30-C30) | F30: =IF(OR(C30="",D30="",C30=0),"",(D30-C30)/C30) | G30: =H12 | H30: =H21 | I30: =E12 | J30: =E21 | K30: =R12 | L30: =R21 | M30: =IF(OR(K30="",L30="",K30=0),"",(L30-K30)/K30)
B31: =B13 | C31: =F13 | D31: =F22 | E31: =IF(OR(C31="",D31=""),"",D31-C31) | F31: =IF(OR(C31="",D31="",C31=0),"",(D31-C31)/C31) | G31: =H13 | H31: =H22 | I31: =E13 | J31: =E22 | K31: =R13 | L31: =R22 | M31: =IF(OR(K31="",L31="",K31=0),"",(L31-K31)/K31)
B34: Perubahan negatif = pipeline B lebih cepat dari A.

Sheet Ringkasan Ketahanan
A1: Ringkasan Ketahanan per Fase
A2: Menghitung semua baris yang Status Akhir-nya terisi. Label di kolom B (kuning) bisa diganti.
B4: Tabel 1 — Hasil akhir per label
B5: Label Fase | C5: Mode | D5: n (diuji) | E5: SUCCESS | F5: SILENT_FAILURE | G5: FAILED | H5: TIMEOUT | I5: STUCK | J5: Tingkat Sukses | K5: Tingkat Gagal | L5: Gagal Diam-diam (% dari n) | M5: Gagal Terdeteksi (% dari kegagalan) | N5: Rata-rata Percobaan generate
B6: baseline | C6: =IF(B6="","",IFERROR(INDEX('Data Pengujian'!$D$6:$D$505,MATCH(B6,'Data Pengujian'!$C$6:$C$505,0)),"")) | D6: =IF(B6="","",SUMPRODUCT(('Data Pengujian'!$C$6:$C$505=B6)*('Data Pengujian'!$Q$6:$Q$505<>""))) | E6: =IF(B6="","",COUNTIFS('Data Pengujian'!$C$6:$C$505,B6,'Data Pengujian'!$Q$6:$Q$505,"SUCCESS")) | F6: =IF(B6="","",COUNTIFS('Data Pengujian'!$C$6:$C$505,B6,'Data Pengujian'!$Q$6:$Q$505,"SILENT_FAILURE")) | G6: =IF(B6="","",COUNTIFS('Data Pengujian'!$C$6:$C$505,B6,'Data Pengujian'!$Q$6:$Q$505,"FAILED")) | H6: =IF(B6="","",COUNTIFS('Data Pengujian'!$C$6:$C$505,B6,'Data Pengujian'!$Q$6:$Q$505,"TIMEOUT")) | I6: =IF(B6="","",COUNTIFS('Data Pengujian'!$C$6:$C$505,B6,'Data Pengujian'!$Q$6:$Q$505,"STUCK")) | J6: =IF(OR(B6="",D6=0),"",E6/D6) | K6: =IF(J6="","",1-J6) | L6: =IF(OR(B6="",D6=0),"",F6/D6) | M6: =IF(OR(B6="",D6="",D6-E6=0),"",(G6+H6)/(D6-E6)) | N6: =IF(B6="","",IFERROR(SUMPRODUCT(('Data Pengujian'!$C$6:$C$505=B6)*('Data Pengujian'!$Q$6:$Q$505<>"")*'Data Pengujian'!$P$6:$P$505)/SUMPRODUCT(('Data Pengujian'!$C$6:$C$505=B6)*('Data Pengujian'!$Q$6:$Q$505<>"")*('Data Pengujian'!$P$6:$P$505<>"")),""))
B7: optimized | C7: =IF(B7="","",IFERROR(INDEX('Data Pengujian'!$D$6:$D$505,MATCH(B7,'Data Pengujian'!$C$6:$C$505,0)),"")) | D7: =IF(B7="","",SUMPRODUCT(('Data Pengujian'!$C$6:$C$505=B7)*('Data Pengujian'!$Q$6:$Q$505<>""))) | E7: =IF(B7="","",COUNTIFS('Data Pengujian'!$C$6:$C$505,B7,'Data Pengujian'!$Q$6:$Q$505,"SUCCESS")) | F7: =IF(B7="","",COUNTIFS('Data Pengujian'!$C$6:$C$505,B7,'Data Pengujian'!$Q$6:$Q$505,"SILENT_FAILURE")) | G7: =IF(B7="","",COUNTIFS('Data Pengujian'!$C$6:$C$505,B7,'Data Pengujian'!$Q$6:$Q$505,"FAILED")) | H7: =IF(B7="","",COUNTIFS('Data Pengujian'!$C$6:$C$505,B7,'Data Pengujian'!$Q$6:$Q$505,"TIMEOUT")) | I7: =IF(B7="","",COUNTIFS('Data Pengujian'!$C$6:$C$505,B7,'Data Pengujian'!$Q$6:$Q$505,"STUCK")) | J7: =IF(OR(B7="",D7=0),"",E7/D7) | K7: =IF(J7="","",1-J7) | L7: =IF(OR(B7="",D7=0),"",F7/D7) | M7: =IF(OR(B7="",D7="",D7-E7=0),"",(G7+H7)/(D7-E7)) | N7: =IF(B7="","",IFERROR(SUMPRODUCT(('Data Pengujian'!$C$6:$C$505=B7)*('Data Pengujian'!$Q$6:$Q$505<>"")*'Data Pengujian'!$P$6:$P$505)/SUMPRODUCT(('Data Pengujian'!$C$6:$C$505=B7)*('Data Pengujian'!$Q$6:$Q$505<>"")*('Data Pengujian'!$P$6:$P$505<>"")),""))
B8: baseline-fault30 | C8: =IF(B8="","",IFERROR(INDEX('Data Pengujian'!$D$6:$D$505,MATCH(B8,'Data Pengujian'!$C$6:$C$505,0)),"")) | D8: =IF(B8="","",SUMPRODUCT(('Data Pengujian'!$C$6:$C$505=B8)*('Data Pengujian'!$Q$6:$Q$505<>""))) | E8: =IF(B8="","",COUNTIFS('Data Pengujian'!$C$6:$C$505,B8,'Data Pengujian'!$Q$6:$Q$505,"SUCCESS")) | F8: =IF(B8="","",COUNTIFS('Data Pengujian'!$C$6:$C$505,B8,'Data Pengujian'!$Q$6:$Q$505,"SILENT_FAILURE")) | G8: =IF(B8="","",COUNTIFS('Data Pengujian'!$C$6:$C$505,B8,'Data Pengujian'!$Q$6:$Q$505,"FAILED")) | H8: =IF(B8="","",COUNTIFS('Data Pengujian'!$C$6:$C$505,B8,'Data Pengujian'!$Q$6:$Q$505,"TIMEOUT")) | I8: =IF(B8="","",COUNTIFS('Data Pengujian'!$C$6:$C$505,B8,'Data Pengujian'!$Q$6:$Q$505,"STUCK")) | J8: =IF(OR(B8="",D8=0),"",E8/D8) | K8: =IF(J8="","",1-J8) | L8: =IF(OR(B8="",D8=0),"",F8/D8) | M8: =IF(OR(B8="",D8="",D8-E8=0),"",(G8+H8)/(D8-E8)) | N8: =IF(B8="","",IFERROR(SUMPRODUCT(('Data Pengujian'!$C$6:$C$505=B8)*('Data Pengujian'!$Q$6:$Q$505<>"")*'Data Pengujian'!$P$6:$P$505)/SUMPRODUCT(('Data Pengujian'!$C$6:$C$505=B8)*('Data Pengujian'!$Q$6:$Q$505<>"")*('Data Pengujian'!$P$6:$P$505<>"")),""))
B9: optimized-fault30 | C9: =IF(B9="","",IFERROR(INDEX('Data Pengujian'!$D$6:$D$505,MATCH(B9,'Data Pengujian'!$C$6:$C$505,0)),"")) | D9: =IF(B9="","",SUMPRODUCT(('Data Pengujian'!$C$6:$C$505=B9)*('Data Pengujian'!$Q$6:$Q$505<>""))) | E9: =IF(B9="","",COUNTIFS('Data Pengujian'!$C$6:$C$505,B9,'Data Pengujian'!$Q$6:$Q$505,"SUCCESS")) | F9: =IF(B9="","",COUNTIFS('Data Pengujian'!$C$6:$C$505,B9,'Data Pengujian'!$Q$6:$Q$505,"SILENT_FAILURE")) | G9: =IF(B9="","",COUNTIFS('Data Pengujian'!$C$6:$C$505,B9,'Data Pengujian'!$Q$6:$Q$505,"FAILED")) | H9: =IF(B9="","",COUNTIFS('Data Pengujian'!$C$6:$C$505,B9,'Data Pengujian'!$Q$6:$Q$505,"TIMEOUT")) | I9: =IF(B9="","",COUNTIFS('Data Pengujian'!$C$6:$C$505,B9,'Data Pengujian'!$Q$6:$Q$505,"STUCK")) | J9: =IF(OR(B9="",D9=0),"",E9/D9) | K9: =IF(J9="","",1-J9) | L9: =IF(OR(B9="",D9=0),"",F9/D9) | M9: =IF(OR(B9="",D9="",D9-E9=0),"",(G9+H9)/(D9-E9)) | N9: =IF(B9="","",IFERROR(SUMPRODUCT(('Data Pengujian'!$C$6:$C$505=B9)*('Data Pengujian'!$Q$6:$Q$505<>"")*'Data Pengujian'!$P$6:$P$505)/SUMPRODUCT(('Data Pengujian'!$C$6:$C$505=B9)*('Data Pengujian'!$Q$6:$Q$505<>"")*('Data Pengujian'!$P$6:$P$505<>"")),""))
B10: baseline-hang20 | C10: =IF(B10="","",IFERROR(INDEX('Data Pengujian'!$D$6:$D$505,MATCH(B10,'Data Pengujian'!$C$6:$C$505,0)),"")) | D10: =IF(B10="","",SUMPRODUCT(('Data Pengujian'!$C$6:$C$505=B10)*('Data Pengujian'!$Q$6:$Q$505<>""))) | E10: =IF(B10="","",COUNTIFS('Data Pengujian'!$C$6:$C$505,B10,'Data Pengujian'!$Q$6:$Q$505,"SUCCESS")) | F10: =IF(B10="","",COUNTIFS('Data Pengujian'!$C$6:$C$505,B10,'Data Pengujian'!$Q$6:$Q$505,"SILENT_FAILURE")) | G10: =IF(B10="","",COUNTIFS('Data Pengujian'!$C$6:$C$505,B10,'Data Pengujian'!$Q$6:$Q$505,"FAILED")) | H10: =IF(B10="","",COUNTIFS('Data Pengujian'!$C$6:$C$505,B10,'Data Pengujian'!$Q$6:$Q$505,"TIMEOUT")) | I10: =IF(B10="","",COUNTIFS('Data Pengujian'!$C$6:$C$505,B10,'Data Pengujian'!$Q$6:$Q$505,"STUCK")) | J10: =IF(OR(B10="",D10=0),"",E10/D10) | K10: =IF(J10="","",1-J10) | L10: =IF(OR(B10="",D10=0),"",F10/D10) | M10: =IF(OR(B10="",D10="",D10-E10=0),"",(G10+H10)/(D10-E10)) | N10: =IF(B10="","",IFERROR(SUMPRODUCT(('Data Pengujian'!$C$6:$C$505=B10)*('Data Pengujian'!$Q$6:$Q$505<>"")*'Data Pengujian'!$P$6:$P$505)/SUMPRODUCT(('Data Pengujian'!$C$6:$C$505=B10)*('Data Pengujian'!$Q$6:$Q$505<>"")*('Data Pengujian'!$P$6:$P$505<>"")),""))
B11: optimized-hang20 | C11: =IF(B11="","",IFERROR(INDEX('Data Pengujian'!$D$6:$D$505,MATCH(B11,'Data Pengujian'!$C$6:$C$505,0)),"")) | D11: =IF(B11="","",SUMPRODUCT(('Data Pengujian'!$C$6:$C$505=B11)*('Data Pengujian'!$Q$6:$Q$505<>""))) | E11: =IF(B11="","",COUNTIFS('Data Pengujian'!$C$6:$C$505,B11,'Data Pengujian'!$Q$6:$Q$505,"SUCCESS")) | F11: =IF(B11="","",COUNTIFS('Data Pengujian'!$C$6:$C$505,B11,'Data Pengujian'!$Q$6:$Q$505,"SILENT_FAILURE")) | G11: =IF(B11="","",COUNTIFS('Data Pengujian'!$C$6:$C$505,B11,'Data Pengujian'!$Q$6:$Q$505,"FAILED")) | H11: =IF(B11="","",COUNTIFS('Data Pengujian'!$C$6:$C$505,B11,'Data Pengujian'!$Q$6:$Q$505,"TIMEOUT")) | I11: =IF(B11="","",COUNTIFS('Data Pengujian'!$C$6:$C$505,B11,'Data Pengujian'!$Q$6:$Q$505,"STUCK")) | J11: =IF(OR(B11="",D11=0),"",E11/D11) | K11: =IF(J11="","",1-J11) | L11: =IF(OR(B11="",D11=0),"",F11/D11) | M11: =IF(OR(B11="",D11="",D11-E11=0),"",(G11+H11)/(D11-E11)) | N11: =IF(B11="","",IFERROR(SUMPRODUCT(('Data Pengujian'!$C$6:$C$505=B11)*('Data Pengujian'!$Q$6:$Q$505<>"")*'Data Pengujian'!$P$6:$P$505)/SUMPRODUCT(('Data Pengujian'!$C$6:$C$505=B11)*('Data Pengujian'!$Q$6:$Q$505<>"")*('Data Pengujian'!$P$6:$P$505<>"")),""))
B12: Gagal Terdeteksi = (FAILED + TIMEOUT) / semua kegagalan. Nilai tinggi berarti user diberi tahu saat gagal, bukan menerima skor 0 diam-diam.
B14: Tabel 2 — Tingkat gagal per durasi video
B15: Label Fase | C15: 1 | D15: 3 | E15: 5 | F15: 8
B16: =IF(B6="","",B6) | C16: =IF($B16="","",IF(SUMPRODUCT(('Data Pengujian'!$C$6:$C$505=$B16)*('Data Pengujian'!$F$6:$F$505=C$15)*('Data Pengujian'!$Q$6:$Q$505<>""))=0,"",1-COUNTIFS('Data Pengujian'!$C$6:$C$505,$B16,'Data Pengujian'!$F$6:$F$505,C$15,'Data Pengujian'!$Q$6:$Q$505,"SUCCESS")/SUMPRODUCT(('Data Pengujian'!$C$6:$C$505=$B16)*('Data Pengujian'!$F$6:$F$505=C$15)*('Data Pengujian'!$Q$6:$Q$505<>"")))) | D16: =IF($B16="","",IF(SUMPRODUCT(('Data Pengujian'!$C$6:$C$505=$B16)*('Data Pengujian'!$F$6:$F$505=D$15)*('Data Pengujian'!$Q$6:$Q$505<>""))=0,"",1-COUNTIFS('Data Pengujian'!$C$6:$C$505,$B16,'Data Pengujian'!$F$6:$F$505,D$15,'Data Pengujian'!$Q$6:$Q$505,"SUCCESS")/SUMPRODUCT(('Data Pengujian'!$C$6:$C$505=$B16)*('Data Pengujian'!$F$6:$F$505=D$15)*('Data Pengujian'!$Q$6:$Q$505<>"")))) | E16: =IF($B16="","",IF(SUMPRODUCT(('Data Pengujian'!$C$6:$C$505=$B16)*('Data Pengujian'!$F$6:$F$505=E$15)*('Data Pengujian'!$Q$6:$Q$505<>""))=0,"",1-COUNTIFS('Data Pengujian'!$C$6:$C$505,$B16,'Data Pengujian'!$F$6:$F$505,E$15,'Data Pengujian'!$Q$6:$Q$505,"SUCCESS")/SUMPRODUCT(('Data Pengujian'!$C$6:$C$505=$B16)*('Data Pengujian'!$F$6:$F$505=E$15)*('Data Pengujian'!$Q$6:$Q$505<>"")))) | F16: =IF($B16="","",IF(SUMPRODUCT(('Data Pengujian'!$C$6:$C$505=$B16)*('Data Pengujian'!$F$6:$F$505=F$15)*('Data Pengujian'!$Q$6:$Q$505<>""))=0,"",1-COUNTIFS('Data Pengujian'!$C$6:$C$505,$B16,'Data Pengujian'!$F$6:$F$505,F$15,'Data Pengujian'!$Q$6:$Q$505,"SUCCESS")/SUMPRODUCT(('Data Pengujian'!$C$6:$C$505=$B16)*('Data Pengujian'!$F$6:$F$505=F$15)*('Data Pengujian'!$Q$6:$Q$505<>""))))
B17: =IF(B7="","",B7) | C17: =IF($B17="","",IF(SUMPRODUCT(('Data Pengujian'!$C$6:$C$505=$B17)*('Data Pengujian'!$F$6:$F$505=C$15)*('Data Pengujian'!$Q$6:$Q$505<>""))=0,"",1-COUNTIFS('Data Pengujian'!$C$6:$C$505,$B17,'Data Pengujian'!$F$6:$F$505,C$15,'Data Pengujian'!$Q$6:$Q$505,"SUCCESS")/SUMPRODUCT(('Data Pengujian'!$C$6:$C$505=$B17)*('Data Pengujian'!$F$6:$F$505=C$15)*('Data Pengujian'!$Q$6:$Q$505<>"")))) | D17: =IF($B17="","",IF(SUMPRODUCT(('Data Pengujian'!$C$6:$C$505=$B17)*('Data Pengujian'!$F$6:$F$505=D$15)*('Data Pengujian'!$Q$6:$Q$505<>""))=0,"",1-COUNTIFS('Data Pengujian'!$C$6:$C$505,$B17,'Data Pengujian'!$F$6:$F$505,D$15,'Data Pengujian'!$Q$6:$Q$505,"SUCCESS")/SUMPRODUCT(('Data Pengujian'!$C$6:$C$505=$B17)*('Data Pengujian'!$F$6:$F$505=D$15)*('Data Pengujian'!$Q$6:$Q$505<>"")))) | E17: =IF($B17="","",IF(SUMPRODUCT(('Data Pengujian'!$C$6:$C$505=$B17)*('Data Pengujian'!$F$6:$F$505=E$15)*('Data Pengujian'!$Q$6:$Q$505<>""))=0,"",1-COUNTIFS('Data Pengujian'!$C$6:$C$505,$B17,'Data Pengujian'!$F$6:$F$505,E$15,'Data Pengujian'!$Q$6:$Q$505,"SUCCESS")/SUMPRODUCT(('Data Pengujian'!$C$6:$C$505=$B17)*('Data Pengujian'!$F$6:$F$505=E$15)*('Data Pengujian'!$Q$6:$Q$505<>"")))) | F17: =IF($B17="","",IF(SUMPRODUCT(('Data Pengujian'!$C$6:$C$505=$B17)*('Data Pengujian'!$F$6:$F$505=F$15)*('Data Pengujian'!$Q$6:$Q$505<>""))=0,"",1-COUNTIFS('Data Pengujian'!$C$6:$C$505,$B17,'Data Pengujian'!$F$6:$F$505,F$15,'Data Pengujian'!$Q$6:$Q$505,"SUCCESS")/SUMPRODUCT(('Data Pengujian'!$C$6:$C$505=$B17)*('Data Pengujian'!$F$6:$F$505=F$15)*('Data Pengujian'!$Q$6:$Q$505<>""))))
B18: =IF(B8="","",B8) | C18: =IF($B18="","",IF(SUMPRODUCT(('Data Pengujian'!$C$6:$C$505=$B18)*('Data Pengujian'!$F$6:$F$505=C$15)*('Data Pengujian'!$Q$6:$Q$505<>""))=0,"",1-COUNTIFS('Data Pengujian'!$C$6:$C$505,$B18,'Data Pengujian'!$F$6:$F$505,C$15,'Data Pengujian'!$Q$6:$Q$505,"SUCCESS")/SUMPRODUCT(('Data Pengujian'!$C$6:$C$505=$B18)*('Data Pengujian'!$F$6:$F$505=C$15)*('Data Pengujian'!$Q$6:$Q$505<>"")))) | D18: =IF($B18="","",IF(SUMPRODUCT(('Data Pengujian'!$C$6:$C$505=$B18)*('Data Pengujian'!$F$6:$F$505=D$15)*('Data Pengujian'!$Q$6:$Q$505<>""))=0,"",1-COUNTIFS('Data Pengujian'!$C$6:$C$505,$B18,'Data Pengujian'!$F$6:$F$505,D$15,'Data Pengujian'!$Q$6:$Q$505,"SUCCESS")/SUMPRODUCT(('Data Pengujian'!$C$6:$C$505=$B18)*('Data Pengujian'!$F$6:$F$505=D$15)*('Data Pengujian'!$Q$6:$Q$505<>"")))) | E18: =IF($B18="","",IF(SUMPRODUCT(('Data Pengujian'!$C$6:$C$505=$B18)*('Data Pengujian'!$F$6:$F$505=E$15)*('Data Pengujian'!$Q$6:$Q$505<>""))=0,"",1-COUNTIFS('Data Pengujian'!$C$6:$C$505,$B18,'Data Pengujian'!$F$6:$F$505,E$15,'Data Pengujian'!$Q$6:$Q$505,"SUCCESS")/SUMPRODUCT(('Data Pengujian'!$C$6:$C$505=$B18)*('Data Pengujian'!$F$6:$F$505=E$15)*('Data Pengujian'!$Q$6:$Q$505<>"")))) | F18: =IF($B18="","",IF(SUMPRODUCT(('Data Pengujian'!$C$6:$C$505=$B18)*('Data Pengujian'!$F$6:$F$505=F$15)*('Data Pengujian'!$Q$6:$Q$505<>""))=0,"",1-COUNTIFS('Data Pengujian'!$C$6:$C$505,$B18,'Data Pengujian'!$F$6:$F$505,F$15,'Data Pengujian'!$Q$6:$Q$505,"SUCCESS")/SUMPRODUCT(('Data Pengujian'!$C$6:$C$505=$B18)*('Data Pengujian'!$F$6:$F$505=F$15)*('Data Pengujian'!$Q$6:$Q$505<>""))))
B19: =IF(B9="","",B9) | C19: =IF($B19="","",IF(SUMPRODUCT(('Data Pengujian'!$C$6:$C$505=$B19)*('Data Pengujian'!$F$6:$F$505=C$15)*('Data Pengujian'!$Q$6:$Q$505<>""))=0,"",1-COUNTIFS('Data Pengujian'!$C$6:$C$505,$B19,'Data Pengujian'!$F$6:$F$505,C$15,'Data Pengujian'!$Q$6:$Q$505,"SUCCESS")/SUMPRODUCT(('Data Pengujian'!$C$6:$C$505=$B19)*('Data Pengujian'!$F$6:$F$505=C$15)*('Data Pengujian'!$Q$6:$Q$505<>"")))) | D19: =IF($B19="","",IF(SUMPRODUCT(('Data Pengujian'!$C$6:$C$505=$B19)*('Data Pengujian'!$F$6:$F$505=D$15)*('Data Pengujian'!$Q$6:$Q$505<>""))=0,"",1-COUNTIFS('Data Pengujian'!$C$6:$C$505,$B19,'Data Pengujian'!$F$6:$F$505,D$15,'Data Pengujian'!$Q$6:$Q$505,"SUCCESS")/SUMPRODUCT(('Data Pengujian'!$C$6:$C$505=$B19)*('Data Pengujian'!$F$6:$F$505=D$15)*('Data Pengujian'!$Q$6:$Q$505<>"")))) | E19: =IF($B19="","",IF(SUMPRODUCT(('Data Pengujian'!$C$6:$C$505=$B19)*('Data Pengujian'!$F$6:$F$505=E$15)*('Data Pengujian'!$Q$6:$Q$505<>""))=0,"",1-COUNTIFS('Data Pengujian'!$C$6:$C$505,$B19,'Data Pengujian'!$F$6:$F$505,E$15,'Data Pengujian'!$Q$6:$Q$505,"SUCCESS")/SUMPRODUCT(('Data Pengujian'!$C$6:$C$505=$B19)*('Data Pengujian'!$F$6:$F$505=E$15)*('Data Pengujian'!$Q$6:$Q$505<>"")))) | F19: =IF($B19="","",IF(SUMPRODUCT(('Data Pengujian'!$C$6:$C$505=$B19)*('Data Pengujian'!$F$6:$F$505=F$15)*('Data Pengujian'!$Q$6:$Q$505<>""))=0,"",1-COUNTIFS('Data Pengujian'!$C$6:$C$505,$B19,'Data Pengujian'!$F$6:$F$505,F$15,'Data Pengujian'!$Q$6:$Q$505,"SUCCESS")/SUMPRODUCT(('Data Pengujian'!$C$6:$C$505=$B19)*('Data Pengujian'!$F$6:$F$505=F$15)*('Data Pengujian'!$Q$6:$Q$505<>""))))
B20: =IF(B10="","",B10) | C20: =IF($B20="","",IF(SUMPRODUCT(('Data Pengujian'!$C$6:$C$505=$B20)*('Data Pengujian'!$F$6:$F$505=C$15)*('Data Pengujian'!$Q$6:$Q$505<>""))=0,"",1-COUNTIFS('Data Pengujian'!$C$6:$C$505,$B20,'Data Pengujian'!$F$6:$F$505,C$15,'Data Pengujian'!$Q$6:$Q$505,"SUCCESS")/SUMPRODUCT(('Data Pengujian'!$C$6:$C$505=$B20)*('Data Pengujian'!$F$6:$F$505=C$15)*('Data Pengujian'!$Q$6:$Q$505<>"")))) | D20: =IF($B20="","",IF(SUMPRODUCT(('Data Pengujian'!$C$6:$C$505=$B20)*('Data Pengujian'!$F$6:$F$505=D$15)*('Data Pengujian'!$Q$6:$Q$505<>""))=0,"",1-COUNTIFS('Data Pengujian'!$C$6:$C$505,$B20,'Data Pengujian'!$F$6:$F$505,D$15,'Data Pengujian'!$Q$6:$Q$505,"SUCCESS")/SUMPRODUCT(('Data Pengujian'!$C$6:$C$505=$B20)*('Data Pengujian'!$F$6:$F$505=D$15)*('Data Pengujian'!$Q$6:$Q$505<>"")))) | E20: =IF($B20="","",IF(SUMPRODUCT(('Data Pengujian'!$C$6:$C$505=$B20)*('Data Pengujian'!$F$6:$F$505=E$15)*('Data Pengujian'!$Q$6:$Q$505<>""))=0,"",1-COUNTIFS('Data Pengujian'!$C$6:$C$505,$B20,'Data Pengujian'!$F$6:$F$505,E$15,'Data Pengujian'!$Q$6:$Q$505,"SUCCESS")/SUMPRODUCT(('Data Pengujian'!$C$6:$C$505=$B20)*('Data Pengujian'!$F$6:$F$505=E$15)*('Data Pengujian'!$Q$6:$Q$505<>"")))) | F20: =IF($B20="","",IF(SUMPRODUCT(('Data Pengujian'!$C$6:$C$505=$B20)*('Data Pengujian'!$F$6:$F$505=F$15)*('Data Pengujian'!$Q$6:$Q$505<>""))=0,"",1-COUNTIFS('Data Pengujian'!$C$6:$C$505,$B20,'Data Pengujian'!$F$6:$F$505,F$15,'Data Pengujian'!$Q$6:$Q$505,"SUCCESS")/SUMPRODUCT(('Data Pengujian'!$C$6:$C$505=$B20)*('Data Pengujian'!$F$6:$F$505=F$15)*('Data Pengujian'!$Q$6:$Q$505<>""))))
B21: =IF(B11="","",B11) | C21: =IF($B21="","",IF(SUMPRODUCT(('Data Pengujian'!$C$6:$C$505=$B21)*('Data Pengujian'!$F$6:$F$505=C$15)*('Data Pengujian'!$Q$6:$Q$505<>""))=0,"",1-COUNTIFS('Data Pengujian'!$C$6:$C$505,$B21,'Data Pengujian'!$F$6:$F$505,C$15,'Data Pengujian'!$Q$6:$Q$505,"SUCCESS")/SUMPRODUCT(('Data Pengujian'!$C$6:$C$505=$B21)*('Data Pengujian'!$F$6:$F$505=C$15)*('Data Pengujian'!$Q$6:$Q$505<>"")))) | D21: =IF($B21="","",IF(SUMPRODUCT(('Data Pengujian'!$C$6:$C$505=$B21)*('Data Pengujian'!$F$6:$F$505=D$15)*('Data Pengujian'!$Q$6:$Q$505<>""))=0,"",1-COUNTIFS('Data Pengujian'!$C$6:$C$505,$B21,'Data Pengujian'!$F$6:$F$505,D$15,'Data Pengujian'!$Q$6:$Q$505,"SUCCESS")/SUMPRODUCT(('Data Pengujian'!$C$6:$C$505=$B21)*('Data Pengujian'!$F$6:$F$505=D$15)*('Data Pengujian'!$Q$6:$Q$505<>"")))) | E21: =IF($B21="","",IF(SUMPRODUCT(('Data Pengujian'!$C$6:$C$505=$B21)*('Data Pengujian'!$F$6:$F$505=E$15)*('Data Pengujian'!$Q$6:$Q$505<>""))=0,"",1-COUNTIFS('Data Pengujian'!$C$6:$C$505,$B21,'Data Pengujian'!$F$6:$F$505,E$15,'Data Pengujian'!$Q$6:$Q$505,"SUCCESS")/SUMPRODUCT(('Data Pengujian'!$C$6:$C$505=$B21)*('Data Pengujian'!$F$6:$F$505=E$15)*('Data Pengujian'!$Q$6:$Q$505<>"")))) | F21: =IF($B21="","",IF(SUMPRODUCT(('Data Pengujian'!$C$6:$C$505=$B21)*('Data Pengujian'!$F$6:$F$505=F$15)*('Data Pengujian'!$Q$6:$Q$505<>""))=0,"",1-COUNTIFS('Data Pengujian'!$C$6:$C$505,$B21,'Data Pengujian'!$F$6:$F$505,F$15,'Data Pengujian'!$Q$6:$Q$505,"SUCCESS")/SUMPRODUCT(('Data Pengujian'!$C$6:$C$505=$B21)*('Data Pengujian'!$F$6:$F$505=F$15)*('Data Pengujian'!$Q$6:$Q$505<>""))))
B23: Tabel 3 — Jumlah kegagalan per tahap
B24: Label Fase | C24: UPLOAD | D24: FILE_ACTIVE | E24: GENERATE | F24: PARSE | G24: SAVE | H24: DEADLINE | I24: ORPHANED | J24: VALIDATION
B25: =IF(B6="","",B6) | C25: =IF($B25="","",COUNTIFS('Data Pengujian'!$C$6:$C$505,$B25,'Data Pengujian'!$R$6:$R$505,"UPLOAD")) | D25: =IF($B25="","",COUNTIFS('Data Pengujian'!$C$6:$C$505,$B25,'Data Pengujian'!$R$6:$R$505,"FILE_ACTIVE")) | E25: =IF($B25="","",COUNTIFS('Data Pengujian'!$C$6:$C$505,$B25,'Data Pengujian'!$R$6:$R$505,"GENERATE")) | F25: =IF($B25="","",COUNTIFS('Data Pengujian'!$C$6:$C$505,$B25,'Data Pengujian'!$R$6:$R$505,"PARSE")) | G25: =IF($B25="","",COUNTIFS('Data Pengujian'!$C$6:$C$505,$B25,'Data Pengujian'!$R$6:$R$505,"SAVE")) | H25: =IF($B25="","",COUNTIFS('Data Pengujian'!$C$6:$C$505,$B25,'Data Pengujian'!$R$6:$R$505,"DEADLINE")) | I25: =IF($B25="","",COUNTIFS('Data Pengujian'!$C$6:$C$505,$B25,'Data Pengujian'!$R$6:$R$505,"ORPHANED")) | J25: =IF($B25="","",COUNTIFS('Data Pengujian'!$C$6:$C$505,$B25,'Data Pengujian'!$R$6:$R$505,"VALIDATION"))
B26: =IF(B7="","",B7) | C26: =IF($B26="","",COUNTIFS('Data Pengujian'!$C$6:$C$505,$B26,'Data Pengujian'!$R$6:$R$505,"UPLOAD")) | D26: =IF($B26="","",COUNTIFS('Data Pengujian'!$C$6:$C$505,$B26,'Data Pengujian'!$R$6:$R$505,"FILE_ACTIVE")) | E26: =IF($B26="","",COUNTIFS('Data Pengujian'!$C$6:$C$505,$B26,'Data Pengujian'!$R$6:$R$505,"GENERATE")) | F26: =IF($B26="","",COUNTIFS('Data Pengujian'!$C$6:$C$505,$B26,'Data Pengujian'!$R$6:$R$505,"PARSE")) | G26: =IF($B26="","",COUNTIFS('Data Pengujian'!$C$6:$C$505,$B26,'Data Pengujian'!$R$6:$R$505,"SAVE")) | H26: =IF($B26="","",COUNTIFS('Data Pengujian'!$C$6:$C$505,$B26,'Data Pengujian'!$R$6:$R$505,"DEADLINE")) | I26: =IF($B26="","",COUNTIFS('Data Pengujian'!$C$6:$C$505,$B26,'Data Pengujian'!$R$6:$R$505,"ORPHANED")) | J26: =IF($B26="","",COUNTIFS('Data Pengujian'!$C$6:$C$505,$B26,'Data Pengujian'!$R$6:$R$505,"VALIDATION"))
B27: =IF(B8="","",B8) | C27: =IF($B27="","",COUNTIFS('Data Pengujian'!$C$6:$C$505,$B27,'Data Pengujian'!$R$6:$R$505,"UPLOAD")) | D27: =IF($B27="","",COUNTIFS('Data Pengujian'!$C$6:$C$505,$B27,'Data Pengujian'!$R$6:$R$505,"FILE_ACTIVE")) | E27: =IF($B27="","",COUNTIFS('Data Pengujian'!$C$6:$C$505,$B27,'Data Pengujian'!$R$6:$R$505,"GENERATE")) | F27: =IF($B27="","",COUNTIFS('Data Pengujian'!$C$6:$C$505,$B27,'Data Pengujian'!$R$6:$R$505,"PARSE")) | G27: =IF($B27="","",COUNTIFS('Data Pengujian'!$C$6:$C$505,$B27,'Data Pengujian'!$R$6:$R$505,"SAVE")) | H27: =IF($B27="","",COUNTIFS('Data Pengujian'!$C$6:$C$505,$B27,'Data Pengujian'!$R$6:$R$505,"DEADLINE")) | I27: =IF($B27="","",COUNTIFS('Data Pengujian'!$C$6:$C$505,$B27,'Data Pengujian'!$R$6:$R$505,"ORPHANED")) | J27: =IF($B27="","",COUNTIFS('Data Pengujian'!$C$6:$C$505,$B27,'Data Pengujian'!$R$6:$R$505,"VALIDATION"))
B28: =IF(B9="","",B9) | C28: =IF($B28="","",COUNTIFS('Data Pengujian'!$C$6:$C$505,$B28,'Data Pengujian'!$R$6:$R$505,"UPLOAD")) | D28: =IF($B28="","",COUNTIFS('Data Pengujian'!$C$6:$C$505,$B28,'Data Pengujian'!$R$6:$R$505,"FILE_ACTIVE")) | E28: =IF($B28="","",COUNTIFS('Data Pengujian'!$C$6:$C$505,$B28,'Data Pengujian'!$R$6:$R$505,"GENERATE")) | F28: =IF($B28="","",COUNTIFS('Data Pengujian'!$C$6:$C$505,$B28,'Data Pengujian'!$R$6:$R$505,"PARSE")) | G28: =IF($B28="","",COUNTIFS('Data Pengujian'!$C$6:$C$505,$B28,'Data Pengujian'!$R$6:$R$505,"SAVE")) | H28: =IF($B28="","",COUNTIFS('Data Pengujian'!$C$6:$C$505,$B28,'Data Pengujian'!$R$6:$R$505,"DEADLINE")) | I28: =IF($B28="","",COUNTIFS('Data Pengujian'!$C$6:$C$505,$B28,'Data Pengujian'!$R$6:$R$505,"ORPHANED")) | J28: =IF($B28="","",COUNTIFS('Data Pengujian'!$C$6:$C$505,$B28,'Data Pengujian'!$R$6:$R$505,"VALIDATION"))
B29: =IF(B10="","",B10) | C29: =IF($B29="","",COUNTIFS('Data Pengujian'!$C$6:$C$505,$B29,'Data Pengujian'!$R$6:$R$505,"UPLOAD")) | D29: =IF($B29="","",COUNTIFS('Data Pengujian'!$C$6:$C$505,$B29,'Data Pengujian'!$R$6:$R$505,"FILE_ACTIVE")) | E29: =IF($B29="","",COUNTIFS('Data Pengujian'!$C$6:$C$505,$B29,'Data Pengujian'!$R$6:$R$505,"GENERATE")) | F29: =IF($B29="","",COUNTIFS('Data Pengujian'!$C$6:$C$505,$B29,'Data Pengujian'!$R$6:$R$505,"PARSE")) | G29: =IF($B29="","",COUNTIFS('Data Pengujian'!$C$6:$C$505,$B29,'Data Pengujian'!$R$6:$R$505,"SAVE")) | H29: =IF($B29="","",COUNTIFS('Data Pengujian'!$C$6:$C$505,$B29,'Data Pengujian'!$R$6:$R$505,"DEADLINE")) | I29: =IF($B29="","",COUNTIFS('Data Pengujian'!$C$6:$C$505,$B29,'Data Pengujian'!$R$6:$R$505,"ORPHANED")) | J29: =IF($B29="","",COUNTIFS('Data Pengujian'!$C$6:$C$505,$B29,'Data Pengujian'!$R$6:$R$505,"VALIDATION"))
B30: =IF(B11="","",B11) | C30: =IF($B30="","",COUNTIFS('Data Pengujian'!$C$6:$C$505,$B30,'Data Pengujian'!$R$6:$R$505,"UPLOAD")) | D30: =IF($B30="","",COUNTIFS('Data Pengujian'!$C$6:$C$505,$B30,'Data Pengujian'!$R$6:$R$505,"FILE_ACTIVE")) | E30: =IF($B30="","",COUNTIFS('Data Pengujian'!$C$6:$C$505,$B30,'Data Pengujian'!$R$6:$R$505,"GENERATE")) | F30: =IF($B30="","",COUNTIFS('Data Pengujian'!$C$6:$C$505,$B30,'Data Pengujian'!$R$6:$R$505,"PARSE")) | G30: =IF($B30="","",COUNTIFS('Data Pengujian'!$C$6:$C$505,$B30,'Data Pengujian'!$R$6:$R$505,"SAVE")) | H30: =IF($B30="","",COUNTIFS('Data Pengujian'!$C$6:$C$505,$B30,'Data Pengujian'!$R$6:$R$505,"DEADLINE")) | I30: =IF($B30="","",COUNTIFS('Data Pengujian'!$C$6:$C$505,$B30,'Data Pengujian'!$R$6:$R$505,"ORPHANED")) | J30: =IF($B30="","",COUNTIFS('Data Pengujian'!$C$6:$C$505,$B30,'Data Pengujian'!$R$6:$R$505,"VALIDATION"))

Sheet Uji Berpasangan
A1: Uji Berpasangan — Wilcoxon Signed-Rank
A2: Membandingkan Total Server dari video yang SAMA di Label A vs Label B. Hanya pasangan yang SUCCESS di kedua label yang dihitung.
B4: Label A | C4: baseline
B5: Label B | C5: optimized
M7: Tabel nilai kritis (dua arah, α = 0,05)
B8: Kode Sampel | C8: Total A (dtk) | D8: Total B (dtk) | E8: Selisih B − A (dtk) | F8: |Selisih| (dtk) | G8: Peringkat | H8: Peringkat Bertanda | J8: Hasil Uji | K8: Nilai | M8: n | N8: Nilai Kritis
B9: 01min_01 | C9: =IF($B9="","",IFERROR(AVERAGEIFS('Data Pengujian'!$N$6:$N$505,'Data Pengujian'!$C$6:$C$505,$C$4,'Data Pengujian'!$E$6:$E$505,$B9,'Data Pengujian'!$Q$6:$Q$505,"SUCCESS"),"")) | D9: =IF($B9="","",IFERROR(AVERAGEIFS('Data Pengujian'!$N$6:$N$505,'Data Pengujian'!$C$6:$C$505,$C$5,'Data Pengujian'!$E$6:$E$505,$B9,'Data Pengujian'!$Q$6:$Q$505,"SUCCESS"),"")) | E9: =IF(OR(C9="",D9=""),"",ROUND(D9-C9,2)) | F9: =IF(E9="","",IF(E9=0,"",ABS(E9))) | G9: =IF(F9="","",COUNTIF($F$9:$F$58,"<"&F9)+(COUNTIF($F$9:$F$58,F9)+1)/2) | H9: =IF(G9="","",IF(E9>0,G9,-G9)) | J9: Jumlah pasangan dipakai (n, selisih ≠ 0) | K9: =COUNT(F9:F58) | M9: 6 | N9: 0
B10: 01min_02 | C10: =IF($B10="","",IFERROR(AVERAGEIFS('Data Pengujian'!$N$6:$N$505,'Data Pengujian'!$C$6:$C$505,$C$4,'Data Pengujian'!$E$6:$E$505,$B10,'Data Pengujian'!$Q$6:$Q$505,"SUCCESS"),"")) | D10: =IF($B10="","",IFERROR(AVERAGEIFS('Data Pengujian'!$N$6:$N$505,'Data Pengujian'!$C$6:$C$505,$C$5,'Data Pengujian'!$E$6:$E$505,$B10,'Data Pengujian'!$Q$6:$Q$505,"SUCCESS"),"")) | E10: =IF(OR(C10="",D10=""),"",ROUND(D10-C10,2)) | F10: =IF(E10="","",IF(E10=0,"",ABS(E10))) | G10: =IF(F10="","",COUNTIF($F$9:$F$58,"<"&F10)+(COUNTIF($F$9:$F$58,F10)+1)/2) | H10: =IF(G10="","",IF(E10>0,G10,-G10)) | J10: W+ (jumlah peringkat saat B lebih lambat) | K10: =SUMIF(H9:H58,">0") | M10: 7 | N10: 2
B11: 01min_03 | C11: =IF($B11="","",IFERROR(AVERAGEIFS('Data Pengujian'!$N$6:$N$505,'Data Pengujian'!$C$6:$C$505,$C$4,'Data Pengujian'!$E$6:$E$505,$B11,'Data Pengujian'!$Q$6:$Q$505,"SUCCESS"),"")) | D11: =IF($B11="","",IFERROR(AVERAGEIFS('Data Pengujian'!$N$6:$N$505,'Data Pengujian'!$C$6:$C$505,$C$5,'Data Pengujian'!$E$6:$E$505,$B11,'Data Pengujian'!$Q$6:$Q$505,"SUCCESS"),"")) | E11: =IF(OR(C11="",D11=""),"",ROUND(D11-C11,2)) | F11: =IF(E11="","",IF(E11=0,"",ABS(E11))) | G11: =IF(F11="","",COUNTIF($F$9:$F$58,"<"&F11)+(COUNTIF($F$9:$F$58,F11)+1)/2) | H11: =IF(G11="","",IF(E11>0,G11,-G11)) | J11: W− (jumlah peringkat saat B lebih cepat) | K11: =-SUMIF(H9:H58,"<0") | M11: 8 | N11: 3
B12: 03min_01 | C12: =IF($B12="","",IFERROR(AVERAGEIFS('Data Pengujian'!$N$6:$N$505,'Data Pengujian'!$C$6:$C$505,$C$4,'Data Pengujian'!$E$6:$E$505,$B12,'Data Pengujian'!$Q$6:$Q$505,"SUCCESS"),"")) | D12: =IF($B12="","",IFERROR(AVERAGEIFS('Data Pengujian'!$N$6:$N$505,'Data Pengujian'!$C$6:$C$505,$C$5,'Data Pengujian'!$E$6:$E$505,$B12,'Data Pengujian'!$Q$6:$Q$505,"SUCCESS"),"")) | E12: =IF(OR(C12="",D12=""),"",ROUND(D12-C12,2)) | F12: =IF(E12="","",IF(E12=0,"",ABS(E12))) | G12: =IF(F12="","",COUNTIF($F$9:$F$58,"<"&F12)+(COUNTIF($F$9:$F$58,F12)+1)/2) | H12: =IF(G12="","",IF(E12>0,G12,-G12)) | J12: W = min(W+, W−) | K12: =MIN(K10,K11) | M12: 9 | N12: 5
B13: 03min_02 | C13: =IF($B13="","",IFERROR(AVERAGEIFS('Data Pengujian'!$N$6:$N$505,'Data Pengujian'!$C$6:$C$505,$C$4,'Data Pengujian'!$E$6:$E$505,$B13,'Data Pengujian'!$Q$6:$Q$505,"SUCCESS"),"")) | D13: =IF($B13="","",IFERROR(AVERAGEIFS('Data Pengujian'!$N$6:$N$505,'Data Pengujian'!$C$6:$C$505,$C$5,'Data Pengujian'!$E$6:$E$505,$B13,'Data Pengujian'!$Q$6:$Q$505,"SUCCESS"),"")) | E13: =IF(OR(C13="",D13=""),"",ROUND(D13-C13,2)) | F13: =IF(E13="","",IF(E13=0,"",ABS(E13))) | G13: =IF(F13="","",COUNTIF($F$9:$F$58,"<"&F13)+(COUNTIF($F$9:$F$58,F13)+1)/2) | H13: =IF(G13="","",IF(E13>0,G13,-G13)) | J13: Nilai kritis exact (α = 0,05, dua arah) | K13: =IFERROR(INDEX($N$9:$N$53,MATCH(K9,$M$9:$M$53,0)),"") | M13: 10 | N13: 8
B14: 03min_03 | C14: =IF($B14="","",IFERROR(AVERAGEIFS('Data Pengujian'!$N$6:$N$505,'Data Pengujian'!$C$6:$C$505,$C$4,'Data Pengujian'!$E$6:$E$505,$B14,'Data Pengujian'!$Q$6:$Q$505,"SUCCESS"),"")) | D14: =IF($B14="","",IFERROR(AVERAGEIFS('Data Pengujian'!$N$6:$N$505,'Data Pengujian'!$C$6:$C$505,$C$5,'Data Pengujian'!$E$6:$E$505,$B14,'Data Pengujian'!$Q$6:$Q$505,"SUCCESS"),"")) | E14: =IF(OR(C14="",D14=""),"",ROUND(D14-C14,2)) | F14: =IF(E14="","",IF(E14=0,"",ABS(E14))) | G14: =IF(F14="","",COUNTIF($F$9:$F$58,"<"&F14)+(COUNTIF($F$9:$F$58,F14)+1)/2) | H14: =IF(G14="","",IF(E14>0,G14,-G14)) | J14: Kesimpulan | K14: =IF(K9<6,"Pasangan kurang (minimal 6)",IF(K12<=K13,"Signifikan (p < 0,05)","Tidak signifikan (p ≥ 0,05)")) | M14: 11 | N14: 10
B15: 05min_01 | C15: =IF($B15="","",IFERROR(AVERAGEIFS('Data Pengujian'!$N$6:$N$505,'Data Pengujian'!$C$6:$C$505,$C$4,'Data Pengujian'!$E$6:$E$505,$B15,'Data Pengujian'!$Q$6:$Q$505,"SUCCESS"),"")) | D15: =IF($B15="","",IFERROR(AVERAGEIFS('Data Pengujian'!$N$6:$N$505,'Data Pengujian'!$C$6:$C$505,$C$5,'Data Pengujian'!$E$6:$E$505,$B15,'Data Pengujian'!$Q$6:$Q$505,"SUCCESS"),"")) | E15: =IF(OR(C15="",D15=""),"",ROUND(D15-C15,2)) | F15: =IF(E15="","",IF(E15=0,"",ABS(E15))) | G15: =IF(F15="","",COUNTIF($F$9:$F$58,"<"&F15)+(COUNTIF($F$9:$F$58,F15)+1)/2) | H15: =IF(G15="","",IF(E15>0,G15,-G15)) | J15: Arah perbedaan | K15: =IF(K9=0,"",IF(K11>K10,"B lebih cepat dari A",IF(K10>K11,"B lebih lambat dari A","Seimbang"))) | M15: 12 | N15: 13
B16: 05min_02 | C16: =IF($B16="","",IFERROR(AVERAGEIFS('Data Pengujian'!$N$6:$N$505,'Data Pengujian'!$C$6:$C$505,$C$4,'Data Pengujian'!$E$6:$E$505,$B16,'Data Pengujian'!$Q$6:$Q$505,"SUCCESS"),"")) | D16: =IF($B16="","",IFERROR(AVERAGEIFS('Data Pengujian'!$N$6:$N$505,'Data Pengujian'!$C$6:$C$505,$C$5,'Data Pengujian'!$E$6:$E$505,$B16,'Data Pengujian'!$Q$6:$Q$505,"SUCCESS"),"")) | E16: =IF(OR(C16="",D16=""),"",ROUND(D16-C16,2)) | F16: =IF(E16="","",IF(E16=0,"",ABS(E16))) | G16: =IF(F16="","",COUNTIF($F$9:$F$58,"<"&F16)+(COUNTIF($F$9:$F$58,F16)+1)/2) | H16: =IF(G16="","",IF(E16>0,G16,-G16)) | J16: Median selisih B − A (dtk) | K16: =IFERROR(MEDIAN(E9:E58),"") | M16: 13 | N16: 17
B17: 05min_03 | C17: =IF($B17="","",IFERROR(AVERAGEIFS('Data Pengujian'!$N$6:$N$505,'Data Pengujian'!$C$6:$C$505,$C$4,'Data Pengujian'!$E$6:$E$505,$B17,'Data Pengujian'!$Q$6:$Q$505,"SUCCESS"),"")) | D17: =IF($B17="","",IFERROR(AVERAGEIFS('Data Pengujian'!$N$6:$N$505,'Data Pengujian'!$C$6:$C$505,$C$5,'Data Pengujian'!$E$6:$E$505,$B17,'Data Pengujian'!$Q$6:$Q$505,"SUCCESS"),"")) | E17: =IF(OR(C17="",D17=""),"",ROUND(D17-C17,2)) | F17: =IF(E17="","",IF(E17=0,"",ABS(E17))) | G17: =IF(F17="","",COUNTIF($F$9:$F$58,"<"&F17)+(COUNTIF($F$9:$F$58,F17)+1)/2) | H17: =IF(G17="","",IF(E17>0,G17,-G17)) | J17: Rata-rata selisih B − A (dtk) | K17: =IFERROR(AVERAGE(E9:E58),"") | M17: 14 | N17: 21
B18: 08min_01 | C18: =IF($B18="","",IFERROR(AVERAGEIFS('Data Pengujian'!$N$6:$N$505,'Data Pengujian'!$C$6:$C$505,$C$4,'Data Pengujian'!$E$6:$E$505,$B18,'Data Pengujian'!$Q$6:$Q$505,"SUCCESS"),"")) | D18: =IF($B18="","",IFERROR(AVERAGEIFS('Data Pengujian'!$N$6:$N$505,'Data Pengujian'!$C$6:$C$505,$C$5,'Data Pengujian'!$E$6:$E$505,$B18,'Data Pengujian'!$Q$6:$Q$505,"SUCCESS"),"")) | E18: =IF(OR(C18="",D18=""),"",ROUND(D18-C18,2)) | F18: =IF(E18="","",IF(E18=0,"",ABS(E18))) | G18: =IF(F18="","",COUNTIF($F$9:$F$58,"<"&F18)+(COUNTIF($F$9:$F$58,F18)+1)/2) | H18: =IF(G18="","",IF(E18>0,G18,-G18)) | J18: z (aproksimasi normal, koreksi kontinuitas) | K18: =IF(K9<6,"",(K12-K9*(K9+1)/4+0.5)/SQRT(K9*(K9+1)*(2*K9+1)/24)) | M18: 15 | N18: 25
B19: 08min_02 | C19: =IF($B19="","",IFERROR(AVERAGEIFS('Data Pengujian'!$N$6:$N$505,'Data Pengujian'!$C$6:$C$505,$C$4,'Data Pengujian'!$E$6:$E$505,$B19,'Data Pengujian'!$Q$6:$Q$505,"SUCCESS"),"")) | D19: =IF($B19="","",IFERROR(AVERAGEIFS('Data Pengujian'!$N$6:$N$505,'Data Pengujian'!$C$6:$C$505,$C$5,'Data Pengujian'!$E$6:$E$505,$B19,'Data Pengujian'!$Q$6:$Q$505,"SUCCESS"),"")) | E19: =IF(OR(C19="",D19=""),"",ROUND(D19-C19,2)) | F19: =IF(E19="","",IF(E19=0,"",ABS(E19))) | G19: =IF(F19="","",COUNTIF($F$9:$F$58,"<"&F19)+(COUNTIF($F$9:$F$58,F19)+1)/2) | H19: =IF(G19="","",IF(E19>0,G19,-G19)) | J19: p (aproksimasi normal, dua arah) | K19: =IF(K18="","",MIN(1,2*NORMSDIST(K18))) | M19: 16 | N19: 29
B20: 08min_03 | C20: =IF($B20="","",IFERROR(AVERAGEIFS('Data Pengujian'!$N$6:$N$505,'Data Pengujian'!$C$6:$C$505,$C$4,'Data Pengujian'!$E$6:$E$505,$B20,'Data Pengujian'!$Q$6:$Q$505,"SUCCESS"),"")) | D20: =IF($B20="","",IFERROR(AVERAGEIFS('Data Pengujian'!$N$6:$N$505,'Data Pengujian'!$C$6:$C$505,$C$5,'Data Pengujian'!$E$6:$E$505,$B20,'Data Pengujian'!$Q$6:$Q$505,"SUCCESS"),"")) | E20: =IF(OR(C20="",D20=""),"",ROUND(D20-C20,2)) | F20: =IF(E20="","",IF(E20=0,"",ABS(E20))) | G20: =IF(F20="","",COUNTIF($F$9:$F$58,"<"&F20)+(COUNTIF($F$9:$F$58,F20)+1)/2) | H20: =IF(G20="","",IF(E20>0,G20,-G20)) | M20: 17 | N20: 34
C21: =IF($B21="","",IFERROR(AVERAGEIFS('Data Pengujian'!$N$6:$N$505,'Data Pengujian'!$C$6:$C$505,$C$4,'Data Pengujian'!$E$6:$E$505,$B21,'Data Pengujian'!$Q$6:$Q$505,"SUCCESS"),"")) | D21: =IF($B21="","",IFERROR(AVERAGEIFS('Data Pengujian'!$N$6:$N$505,'Data Pengujian'!$C$6:$C$505,$C$5,'Data Pengujian'!$E$6:$E$505,$B21,'Data Pengujian'!$Q$6:$Q$505,"SUCCESS"),"")) | E21: =IF(OR(C21="",D21=""),"",ROUND(D21-C21,2)) | F21: =IF(E21="","",IF(E21=0,"",ABS(E21))) | G21: =IF(F21="","",COUNTIF($F$9:$F$58,"<"&F21)+(COUNTIF($F$9:$F$58,F21)+1)/2) | H21: =IF(G21="","",IF(E21>0,G21,-G21)) | J21: Cara baca: jika W ≤ nilai kritis, perbedaan Label A vs B signifikan pada α = 0,05. | M21: 18 | N21: 40
C22: =IF($B22="","",IFERROR(AVERAGEIFS('Data Pengujian'!$N$6:$N$505,'Data Pengujian'!$C$6:$C$505,$C$4,'Data Pengujian'!$E$6:$E$505,$B22,'Data Pengujian'!$Q$6:$Q$505,"SUCCESS"),"")) | D22: =IF($B22="","",IFERROR(AVERAGEIFS('Data Pengujian'!$N$6:$N$505,'Data Pengujian'!$C$6:$C$505,$C$5,'Data Pengujian'!$E$6:$E$505,$B22,'Data Pengujian'!$Q$6:$Q$505,"SUCCESS"),"")) | E22: =IF(OR(C22="",D22=""),"",ROUND(D22-C22,2)) | F22: =IF(E22="","",IF(E22=0,"",ABS(E22))) | G22: =IF(F22="","",COUNTIF($F$9:$F$58,"<"&F22)+(COUNTIF($F$9:$F$58,F22)+1)/2) | H22: =IF(G22="","",IF(E22>0,G22,-G22)) | J22: Kesimpulan memakai tabel nilai kritis exact (kolom M–N). p aproksimasi normal hanya pelengkap; cukup akurat untuk n ≥ 10. | M22: 19 | N22: 46
C23: =IF($B23="","",IFERROR(AVERAGEIFS('Data Pengujian'!$N$6:$N$505,'Data Pengujian'!$C$6:$C$505,$C$4,'Data Pengujian'!$E$6:$E$505,$B23,'Data Pengujian'!$Q$6:$Q$505,"SUCCESS"),"")) | D23: =IF($B23="","",IFERROR(AVERAGEIFS('Data Pengujian'!$N$6:$N$505,'Data Pengujian'!$C$6:$C$505,$C$5,'Data Pengujian'!$E$6:$E$505,$B23,'Data Pengujian'!$Q$6:$Q$505,"SUCCESS"),"")) | E23: =IF(OR(C23="",D23=""),"",ROUND(D23-C23,2)) | F23: =IF(E23="","",IF(E23=0,"",ABS(E23))) | G23: =IF(F23="","",COUNTIF($F$9:$F$58,"<"&F23)+(COUNTIF($F$9:$F$58,F23)+1)/2) | H23: =IF(G23="","",IF(E23>0,G23,-G23)) | J23: Pasangan dengan selisih 0 diabaikan (prosedur Wilcoxon). Peringkat yang sama diberi rata-rata peringkat. | M23: 20 | N23: 52
C24: =IF($B24="","",IFERROR(AVERAGEIFS('Data Pengujian'!$N$6:$N$505,'Data Pengujian'!$C$6:$C$505,$C$4,'Data Pengujian'!$E$6:$E$505,$B24,'Data Pengujian'!$Q$6:$Q$505,"SUCCESS"),"")) | D24: =IF($B24="","",IFERROR(AVERAGEIFS('Data Pengujian'!$N$6:$N$505,'Data Pengujian'!$C$6:$C$505,$C$5,'Data Pengujian'!$E$6:$E$505,$B24,'Data Pengujian'!$Q$6:$Q$505,"SUCCESS"),"")) | E24: =IF(OR(C24="",D24=""),"",ROUND(D24-C24,2)) | F24: =IF(E24="","",IF(E24=0,"",ABS(E24))) | G24: =IF(F24="","",COUNTIF($F$9:$F$58,"<"&F24)+(COUNTIF($F$9:$F$58,F24)+1)/2) | H24: =IF(G24="","",IF(E24>0,G24,-G24)) | J24: Kode sampel di kolom B harus sama dengan Kode Sampel di sheet Data Pengujian. Kolom B boleh diubah atau ditambah. | M24: 21 | N24: 58
C25: =IF($B25="","",IFERROR(AVERAGEIFS('Data Pengujian'!$N$6:$N$505,'Data Pengujian'!$C$6:$C$505,$C$4,'Data Pengujian'!$E$6:$E$505,$B25,'Data Pengujian'!$Q$6:$Q$505,"SUCCESS"),"")) | D25: =IF($B25="","",IFERROR(AVERAGEIFS('Data Pengujian'!$N$6:$N$505,'Data Pengujian'!$C$6:$C$505,$C$5,'Data Pengujian'!$E$6:$E$505,$B25,'Data Pengujian'!$Q$6:$Q$505,"SUCCESS"),"")) | E25: =IF(OR(C25="",D25=""),"",ROUND(D25-C25,2)) | F25: =IF(E25="","",IF(E25=0,"",ABS(E25))) | G25: =IF(F25="","",COUNTIF($F$9:$F$58,"<"&F25)+(COUNTIF($F$9:$F$58,F25)+1)/2) | H25: =IF(G25="","",IF(E25>0,G25,-G25)) | M25: 22 | N25: 65
C26: =IF($B26="","",IFERROR(AVERAGEIFS('Data Pengujian'!$N$6:$N$505,'Data Pengujian'!$C$6:$C$505,$C$4,'Data Pengujian'!$E$6:$E$505,$B26,'Data Pengujian'!$Q$6:$Q$505,"SUCCESS"),"")) | D26: =IF($B26="","",IFERROR(AVERAGEIFS('Data Pengujian'!$N$6:$N$505,'Data Pengujian'!$C$6:$C$505,$C$5,'Data Pengujian'!$E$6:$E$505,$B26,'Data Pengujian'!$Q$6:$Q$505,"SUCCESS"),"")) | E26: =IF(OR(C26="",D26=""),"",ROUND(D26-C26,2)) | F26: =IF(E26="","",IF(E26=0,"",ABS(E26))) | G26: =IF(F26="","",COUNTIF($F$9:$F$58,"<"&F26)+(COUNTIF($F$9:$F$58,F26)+1)/2) | H26: =IF(G26="","",IF(E26>0,G26,-G26)) | M26: 23 | N26: 73
C27: =IF($B27="","",IFERROR(AVERAGEIFS('Data Pengujian'!$N$6:$N$505,'Data Pengujian'!$C$6:$C$505,$C$4,'Data Pengujian'!$E$6:$E$505,$B27,'Data Pengujian'!$Q$6:$Q$505,"SUCCESS"),"")) | D27: =IF($B27="","",IFERROR(AVERAGEIFS('Data Pengujian'!$N$6:$N$505,'Data Pengujian'!$C$6:$C$505,$C$5,'Data Pengujian'!$E$6:$E$505,$B27,'Data Pengujian'!$Q$6:$Q$505,"SUCCESS"),"")) | E27: =IF(OR(C27="",D27=""),"",ROUND(D27-C27,2)) | F27: =IF(E27="","",IF(E27=0,"",ABS(E27))) | G27: =IF(F27="","",COUNTIF($F$9:$F$58,"<"&F27)+(COUNTIF($F$9:$F$58,F27)+1)/2) | H27: =IF(G27="","",IF(E27>0,G27,-G27)) | M27: 24 | N27: 81
C28: =IF($B28="","",IFERROR(AVERAGEIFS('Data Pengujian'!$N$6:$N$505,'Data Pengujian'!$C$6:$C$505,$C$4,'Data Pengujian'!$E$6:$E$505,$B28,'Data Pengujian'!$Q$6:$Q$505,"SUCCESS"),"")) | D28: =IF($B28="","",IFERROR(AVERAGEIFS('Data Pengujian'!$N$6:$N$505,'Data Pengujian'!$C$6:$C$505,$C$5,'Data Pengujian'!$E$6:$E$505,$B28,'Data Pengujian'!$Q$6:$Q$505,"SUCCESS"),"")) | E28: =IF(OR(C28="",D28=""),"",ROUND(D28-C28,2)) | F28: =IF(E28="","",IF(E28=0,"",ABS(E28))) | G28: =IF(F28="","",COUNTIF($F$9:$F$58,"<"&F28)+(COUNTIF($F$9:$F$58,F28)+1)/2) | H28: =IF(G28="","",IF(E28>0,G28,-G28)) | M28: 25 | N28: 89
C29: =IF($B29="","",IFERROR(AVERAGEIFS('Data Pengujian'!$N$6:$N$505,'Data Pengujian'!$C$6:$C$505,$C$4,'Data Pengujian'!$E$6:$E$505,$B29,'Data Pengujian'!$Q$6:$Q$505,"SUCCESS"),"")) | D29: =IF($B29="","",IFERROR(AVERAGEIFS('Data Pengujian'!$N$6:$N$505,'Data Pengujian'!$C$6:$C$505,$C$5,'Data Pengujian'!$E$6:$E$505,$B29,'Data Pengujian'!$Q$6:$Q$505,"SUCCESS"),"")) | E29: =IF(OR(C29="",D29=""),"",ROUND(D29-C29,2)) | F29: =IF(E29="","",IF(E29=0,"",ABS(E29))) | G29: =IF(F29="","",COUNTIF($F$9:$F$58,"<"&F29)+(COUNTIF($F$9:$F$58,F29)+1)/2) | H29: =IF(G29="","",IF(E29>0,G29,-G29)) | M29: 26 | N29: 98
C30: =IF($B30="","",IFERROR(AVERAGEIFS('Data Pengujian'!$N$6:$N$505,'Data Pengujian'!$C$6:$C$505,$C$4,'Data Pengujian'!$E$6:$E$505,$B30,'Data Pengujian'!$Q$6:$Q$505,"SUCCESS"),"")) | D30: =IF($B30="","",IFERROR(AVERAGEIFS('Data Pengujian'!$N$6:$N$505,'Data Pengujian'!$C$6:$C$505,$C$5,'Data Pengujian'!$E$6:$E$505,$B30,'Data Pengujian'!$Q$6:$Q$505,"SUCCESS"),"")) | E30: =IF(OR(C30="",D30=""),"",ROUND(D30-C30,2)) | F30: =IF(E30="","",IF(E30=0,"",ABS(E30))) | G30: =IF(F30="","",COUNTIF($F$9:$F$58,"<"&F30)+(COUNTIF($F$9:$F$58,F30)+1)/2) | H30: =IF(G30="","",IF(E30>0,G30,-G30)) | M30: 27 | N30: 107
C31: =IF($B31="","",IFERROR(AVERAGEIFS('Data Pengujian'!$N$6:$N$505,'Data Pengujian'!$C$6:$C$505,$C$4,'Data Pengujian'!$E$6:$E$505,$B31,'Data Pengujian'!$Q$6:$Q$505,"SUCCESS"),"")) | D31: =IF($B31="","",IFERROR(AVERAGEIFS('Data Pengujian'!$N$6:$N$505,'Data Pengujian'!$C$6:$C$505,$C$5,'Data Pengujian'!$E$6:$E$505,$B31,'Data Pengujian'!$Q$6:$Q$505,"SUCCESS"),"")) | E31: =IF(OR(C31="",D31=""),"",ROUND(D31-C31,2)) | F31: =IF(E31="","",IF(E31=0,"",ABS(E31))) | G31: =IF(F31="","",COUNTIF($F$9:$F$58,"<"&F31)+(COUNTIF($F$9:$F$58,F31)+1)/2) | H31: =IF(G31="","",IF(E31>0,G31,-G31)) | M31: 28 | N31: 116
C32: =IF($B32="","",IFERROR(AVERAGEIFS('Data Pengujian'!$N$6:$N$505,'Data Pengujian'!$C$6:$C$505,$C$4,'Data Pengujian'!$E$6:$E$505,$B32,'Data Pengujian'!$Q$6:$Q$505,"SUCCESS"),"")) | D32: =IF($B32="","",IFERROR(AVERAGEIFS('Data Pengujian'!$N$6:$N$505,'Data Pengujian'!$C$6:$C$505,$C$5,'Data Pengujian'!$E$6:$E$505,$B32,'Data Pengujian'!$Q$6:$Q$505,"SUCCESS"),"")) | E32: =IF(OR(C32="",D32=""),"",ROUND(D32-C32,2)) | F32: =IF(E32="","",IF(E32=0,"",ABS(E32))) | G32: =IF(F32="","",COUNTIF($F$9:$F$58,"<"&F32)+(COUNTIF($F$9:$F$58,F32)+1)/2) | H32: =IF(G32="","",IF(E32>0,G32,-G32)) | M32: 29 | N32: 126
C33: =IF($B33="","",IFERROR(AVERAGEIFS('Data Pengujian'!$N$6:$N$505,'Data Pengujian'!$C$6:$C$505,$C$4,'Data Pengujian'!$E$6:$E$505,$B33,'Data Pengujian'!$Q$6:$Q$505,"SUCCESS"),"")) | D33: =IF($B33="","",IFERROR(AVERAGEIFS('Data Pengujian'!$N$6:$N$505,'Data Pengujian'!$C$6:$C$505,$C$5,'Data Pengujian'!$E$6:$E$505,$B33,'Data Pengujian'!$Q$6:$Q$505,"SUCCESS"),"")) | E33: =IF(OR(C33="",D33=""),"",ROUND(D33-C33,2)) | F33: =IF(E33="","",IF(E33=0,"",ABS(E33))) | G33: =IF(F33="","",COUNTIF($F$9:$F$58,"<"&F33)+(COUNTIF($F$9:$F$58,F33)+1)/2) | H33: =IF(G33="","",IF(E33>0,G33,-G33)) | M33: 30 | N33: 137
C34: =IF($B34="","",IFERROR(AVERAGEIFS('Data Pengujian'!$N$6:$N$505,'Data Pengujian'!$C$6:$C$505,$C$4,'Data Pengujian'!$E$6:$E$505,$B34,'Data Pengujian'!$Q$6:$Q$505,"SUCCESS"),"")) | D34: =IF($B34="","",IFERROR(AVERAGEIFS('Data Pengujian'!$N$6:$N$505,'Data Pengujian'!$C$6:$C$505,$C$5,'Data Pengujian'!$E$6:$E$505,$B34,'Data Pengujian'!$Q$6:$Q$505,"SUCCESS"),"")) | E34: =IF(OR(C34="",D34=""),"",ROUND(D34-C34,2)) | F34: =IF(E34="","",IF(E34=0,"",ABS(E34))) | G34: =IF(F34="","",COUNTIF($F$9:$F$58,"<"&F34)+(COUNTIF($F$9:$F$58,F34)+1)/2) | H34: =IF(G34="","",IF(E34>0,G34,-G34)) | M34: 31 | N34: 147
C35: =IF($B35="","",IFERROR(AVERAGEIFS('Data Pengujian'!$N$6:$N$505,'Data Pengujian'!$C$6:$C$505,$C$4,'Data Pengujian'!$E$6:$E$505,$B35,'Data Pengujian'!$Q$6:$Q$505,"SUCCESS"),"")) | D35: =IF($B35="","",IFERROR(AVERAGEIFS('Data Pengujian'!$N$6:$N$505,'Data Pengujian'!$C$6:$C$505,$C$5,'Data Pengujian'!$E$6:$E$505,$B35,'Data Pengujian'!$Q$6:$Q$505,"SUCCESS"),"")) | E35: =IF(OR(C35="",D35=""),"",ROUND(D35-C35,2)) | F35: =IF(E35="","",IF(E35=0,"",ABS(E35))) | G35: =IF(F35="","",COUNTIF($F$9:$F$58,"<"&F35)+(COUNTIF($F$9:$F$58,F35)+1)/2) | H35: =IF(G35="","",IF(E35>0,G35,-G35)) | M35: 32 | N35: 159
C36: =IF($B36="","",IFERROR(AVERAGEIFS('Data Pengujian'!$N$6:$N$505,'Data Pengujian'!$C$6:$C$505,$C$4,'Data Pengujian'!$E$6:$E$505,$B36,'Data Pengujian'!$Q$6:$Q$505,"SUCCESS"),"")) | D36: =IF($B36="","",IFERROR(AVERAGEIFS('Data Pengujian'!$N$6:$N$505,'Data Pengujian'!$C$6:$C$505,$C$5,'Data Pengujian'!$E$6:$E$505,$B36,'Data Pengujian'!$Q$6:$Q$505,"SUCCESS"),"")) | E36: =IF(OR(C36="",D36=""),"",ROUND(D36-C36,2)) | F36: =IF(E36="","",IF(E36=0,"",ABS(E36))) | G36: =IF(F36="","",COUNTIF($F$9:$F$58,"<"&F36)+(COUNTIF($F$9:$F$58,F36)+1)/2) | H36: =IF(G36="","",IF(E36>0,G36,-G36)) | M36: 33 | N36: 170
... C53: =IF($B53="","",IFERROR(AVERAGEIFS('Data Pengujian'!$N$6:$N$505,'Data Pengujian'!$C$6:$C$505,$C$4,'Data Pengujian'!$E$6:$E$505,$B53,'Data Pengujian'!$Q$6:$Q$505,"SUCCESS"),"")) | D53: =IF($B53="","",IFERROR(AVERAGEIFS('Data Pengujian'!$N$6:$N$505,'Data Pengujian'!$C$6:$C$505,$C$5,'Data Pengujian'!$E$6:$E$505,$B53,'Data Pengujian'!$Q$6:$Q$505,"SUCCESS"),"")) | E53: =IF(OR(C53="",D53=""),"",ROUND(D53-C53,2)) | F53: =IF(E53="","",IF(E53=0,"",ABS(E53))) | G53: =IF(F53="","",COUNTIF($F$9:$F$58,"<"&F53)+(COUNTIF($F$9:$F$58,F53)+1)/2) | H53: =IF(G53="","",IF(E53>0,G53,-G53)) | M53: 50 | N53: 434
C54: =IF($B54="","",IFERROR(AVERAGEIFS('Data Pengujian'!$N$6:$N$505,'Data Pengujian'!$C$6:$C$505,$C$4,'Data Pengujian'!$E$6:$E$505,$B54,'Data Pengujian'!$Q$6:$Q$505,"SUCCESS"),"")) | D54: =IF($B54="","",IFERROR(AVERAGEIFS('Data Pengujian'!$N$6:$N$505,'Data Pengujian'!$C$6:$C$505,$C$5,'Data Pengujian'!$E$6:$E$505,$B54,'Data Pengujian'!$Q$6:$Q$505,"SUCCESS"),"")) | E54: =IF(OR(C54="",D54=""),"",ROUND(D54-C54,2)) | F54: =IF(E54="","",IF(E54=0,"",ABS(E54))) | G54: =IF(F54="","",COUNTIF($F$9:$F$58,"<"&F54)+(COUNTIF($F$9:$F$58,F54)+1)/2) | H54: =IF(G54="","",IF(E54>0,G54,-G54))
C55: =IF($B55="","",IFERROR(AVERAGEIFS('Data Pengujian'!$N$6:$N$505,'Data Pengujian'!$C$6:$C$505,$C$4,'Data Pengujian'!$E$6:$E$505,$B55,'Data Pengujian'!$Q$6:$Q$505,"SUCCESS"),"")) | D55: =IF($B55="","",IFERROR(AVERAGEIFS('Data Pengujian'!$N$6:$N$505,'Data Pengujian'!$C$6:$C$505,$C$5,'Data Pengujian'!$E$6:$E$505,$B55,'Data Pengujian'!$Q$6:$Q$505,"SUCCESS"),"")) | E55: =IF(OR(C55="",D55=""),"",ROUND(D55-C55,2)) | F55: =IF(E55="","",IF(E55=0,"",ABS(E55))) | G55: =IF(F55="","",COUNTIF($F$9:$F$58,"<"&F55)+(COUNTIF($F$9:$F$58,F55)+1)/2) | H55: =IF(G55="","",IF(E55>0,G55,-G55))
C56: =IF($B56="","",IFERROR(AVERAGEIFS('Data Pengujian'!$N$6:$N$505,'Data Pengujian'!$C$6:$C$505,$C$4,'Data Pengujian'!$E$6:$E$505,$B56,'Data Pengujian'!$Q$6:$Q$505,"SUCCESS"),"")) | D56: =IF($B56="","",IFERROR(AVERAGEIFS('Data Pengujian'!$N$6:$N$505,'Data Pengujian'!$C$6:$C$505,$C$5,'Data Pengujian'!$E$6:$E$505,$B56,'Data Pengujian'!$Q$6:$Q$505,"SUCCESS"),"")) | E56: =IF(OR(C56="",D56=""),"",ROUND(D56-C56,2)) | F56: =IF(E56="","",IF(E56=0,"",ABS(E56))) | G56: =IF(F56="","",COUNTIF($F$9:$F$58,"<"&F56)+(COUNTIF($F$9:$F$58,F56)+1)/2) | H56: =IF(G56="","",IF(E56>0,G56,-G56))
C57: =IF($B57="","",IFERROR(AVERAGEIFS('Data Pengujian'!$N$6:$N$505,'Data Pengujian'!$C$6:$C$505,$C$4,'Data Pengujian'!$E$6:$E$505,$B57,'Data Pengujian'!$Q$6:$Q$505,"SUCCESS"),"")) | D57: =IF($B57="","",IFERROR(AVERAGEIFS('Data Pengujian'!$N$6:$N$505,'Data Pengujian'!$C$6:$C$505,$C$5,'Data Pengujian'!$E$6:$E$505,$B57,'Data Pengujian'!$Q$6:$Q$505,"SUCCESS"),"")) | E57: =IF(OR(C57="",D57=""),"",ROUND(D57-C57,2)) | F57: =IF(E57="","",IF(E57=0,"",ABS(E57))) | G57: =IF(F57="","",COUNTIF($F$9:$F$58,"<"&F57)+(COUNTIF($F$9:$F$58,F57)+1)/2) | H57: =IF(G57="","",IF(E57>0,G57,-G57))
C58: =IF($B58="","",IFERROR(AVERAGEIFS('Data Pengujian'!$N$6:$N$505,'Data Pengujian'!$C$6:$C$505,$C$4,'Data Pengujian'!$E$6:$E$505,$B58,'Data Pengujian'!$Q$6:$Q$505,"SUCCESS"),"")) | D58: =IF($B58="","",IFERROR(AVERAGEIFS('Data Pengujian'!$N$6:$N$505,'Data Pengujian'!$C$6:$C$505,$C$5,'Data Pengujian'!$E$6:$E$505,$B58,'Data Pengujian'!$Q$6:$Q$505,"SUCCESS"),"")) | E58: =IF(OR(C58="",D58=""),"",ROUND(D58-C58,2)) | F58: =IF(E58="","",IF(E58=0,"",ABS(E58))) | G58: =IF(F58="","",COUNTIF($F$9:$F$58,"<"&F58)+(COUNTIF($F$9:$F$58,F58)+1)/2) | H58: =IF(G58="","",IF(E58>0,G58,-G58))

Sheet Grafik
A1: Grafik
A2: Grafik mengikuti sheet Ringkasan Latensi & Ringkasan Ketahanan, dan akan terisi otomatis setelah data diisi.
A3: ="Label A: "&'Ringkasan Latensi'!$C$4&" | Label B: "&'Ringkasan Latensi'!$C$5

Sheet Data QnA
A1: Data Pengujian — Tahap Jawaban QnA (opsional, Fase D)
A2: Satu baris = satu jawaban audio yang dianalisis. Isi kolom kuning (atau tempel dari template_answer_*.csv mulai sel A6). | P2: Label A | Q2: baseline
P3: Label B | Q3: optimized
P4: Ringkasan (hanya SUCCESS)
A5: No | B5: Tanggal | C5: Label Fase | D5: Mode | E5: Kode Sampel | F5: Durasi Video Target (mnt) | G5: Pakai Ulang File Video? | H5: Upload ke Gemini (dtk) | I5: Tunggu File ACTIVE (dtk) | J5: generateContent (dtk) | K5: Total Server (dtk) | L5: Waktu Respon di App (dtk) | M5: Status Akhir | N5: Catatan | P5: Durasi Video (mnt) | Q5: n Sukses A | R5: Rata-rata Total A (dtk) | S5: Rata-rata Upload A (dtk) | T5: Respon App A (dtk) | U5: n Sukses B | V5: Rata-rata Total B (dtk) | W5: Rata-rata Upload B (dtk) | X5: Respon App B (dtk) | Y5: Perubahan Total (%)
P6: 1 | Q6: =COUNTIFS('Data QnA'!$C$6:$C$205,$Q$2,'Data QnA'!$F$6:$F$205,$P6,'Data QnA'!$M$6:$M$205,"SUCCESS") | R6: =IFERROR(AVERAGEIFS('Data QnA'!$K$6:$K$205,'Data QnA'!$C$6:$C$205,$Q$2,'Data QnA'!$F$6:$F$205,$P6,'Data QnA'!$M$6:$M$205,"SUCCESS"),"") | S6: =IFERROR(AVERAGEIFS('Data QnA'!$H$6:$H$205,'Data QnA'!$C$6:$C$205,$Q$2,'Data QnA'!$F$6:$F$205,$P6,'Data QnA'!$M$6:$M$205,"SUCCESS"),"") | T6: =IFERROR(AVERAGEIFS('Data QnA'!$L$6:$L$205,'Data QnA'!$C$6:$C$205,$Q$2,'Data QnA'!$F$6:$F$205,$P6,'Data QnA'!$M$6:$M$205,"SUCCESS"),"") | U6: =COUNTIFS('Data QnA'!$C$6:$C$205,$Q$3,'Data QnA'!$F$6:$F$205,$P6,'Data QnA'!$M$6:$M$205,"SUCCESS") | V6: =IFERROR(AVERAGEIFS('Data QnA'!$K$6:$K$205,'Data QnA'!$C$6:$C$205,$Q$3,'Data QnA'!$F$6:$F$205,$P6,'Data QnA'!$M$6:$M$205,"SUCCESS"),"") | W6: =IFERROR(AVERAGEIFS('Data QnA'!$H$6:$H$205,'Data QnA'!$C$6:$C$205,$Q$3,'Data QnA'!$F$6:$F$205,$P6,'Data QnA'!$M$6:$M$205,"SUCCESS"),"") | X6: =IFERROR(AVERAGEIFS('Data QnA'!$L$6:$L$205,'Data QnA'!$C$6:$C$205,$Q$3,'Data QnA'!$F$6:$F$205,$P6,'Data QnA'!$M$6:$M$205,"SUCCESS"),"") | Y6: =IF(OR(R6="",V6="",R6=0),"",(V6-R6)/R6)
P7: 3 | Q7: =COUNTIFS('Data QnA'!$C$6:$C$205,$Q$2,'Data QnA'!$F$6:$F$205,$P7,'Data QnA'!$M$6:$M$205,"SUCCESS") | R7: =IFERROR(AVERAGEIFS('Data QnA'!$K$6:$K$205,'Data QnA'!$C$6:$C$205,$Q$2,'Data QnA'!$F$6:$F$205,$P7,'Data QnA'!$M$6:$M$205,"SUCCESS"),"") | S7: =IFERROR(AVERAGEIFS('Data QnA'!$H$6:$H$205,'Data QnA'!$C$6:$C$205,$Q$2,'Data QnA'!$F$6:$F$205,$P7,'Data QnA'!$M$6:$M$205,"SUCCESS"),"") | T7: =IFERROR(AVERAGEIFS('Data QnA'!$L$6:$L$205,'Data QnA'!$C$6:$C$205,$Q$2,'Data QnA'!$F$6:$F$205,$P7,'Data QnA'!$M$6:$M$205,"SUCCESS"),"") | U7: =COUNTIFS('Data QnA'!$C$6:$C$205,$Q$3,'Data QnA'!$F$6:$F$205,$P7,'Data QnA'!$M$6:$M$205,"SUCCESS") | V7: =IFERROR(AVERAGEIFS('Data QnA'!$K$6:$K$205,'Data QnA'!$C$6:$C$205,$Q$3,'Data QnA'!$F$6:$F$205,$P7,'Data QnA'!$M$6:$M$205,"SUCCESS"),"") | W7: =IFERROR(AVERAGEIFS('Data QnA'!$H$6:$H$205,'Data QnA'!$C$6:$C$205,$Q$3,'Data QnA'!$F$6:$F$205,$P7,'Data QnA'!$M$6:$M$205,"SUCCESS"),"") | X7: =IFERROR(AVERAGEIFS('Data QnA'!$L$6:$L$205,'Data QnA'!$C$6:$C$205,$Q$3,'Data QnA'!$F$6:$F$205,$P7,'Data QnA'!$M$6:$M$205,"SUCCESS"),"") | Y7: =IF(OR(R7="",V7="",R7=0),"",(V7-R7)/R7)
P8: 5 | Q8: =COUNTIFS('Data QnA'!$C$6:$C$205,$Q$2,'Data QnA'!$F$6:$F$205,$P8,'Data QnA'!$M$6:$M$205,"SUCCESS") | R8: =IFERROR(AVERAGEIFS('Data QnA'!$K$6:$K$205,'Data QnA'!$C$6:$C$205,$Q$2,'Data QnA'!$F$6:$F$205,$P8,'Data QnA'!$M$6:$M$205,"SUCCESS"),"") | S8: =IFERROR(AVERAGEIFS('Data QnA'!$H$6:$H$205,'Data QnA'!$C$6:$C$205,$Q$2,'Data QnA'!$F$6:$F$205,$P8,'Data QnA'!$M$6:$M$205,"SUCCESS"),"") | T8: =IFERROR(AVERAGEIFS('Data QnA'!$L$6:$L$205,'Data QnA'!$C$6:$C$205,$Q$2,'Data QnA'!$F$6:$F$205,$P8,'Data QnA'!$M$6:$M$205,"SUCCESS"),"") | U8: =COUNTIFS('Data QnA'!$C$6:$C$205,$Q$3,'Data QnA'!$F$6:$F$205,$P8,'Data QnA'!$M$6:$M$205,"SUCCESS") | V8: =IFERROR(AVERAGEIFS('Data QnA'!$K$6:$K$205,'Data QnA'!$C$6:$C$205,$Q$3,'Data QnA'!$F$6:$F$205,$P8,'Data QnA'!$M$6:$M$205,"SUCCESS"),"") | W8: =IFERROR(AVERAGEIFS('Data QnA'!$H$6:$H$205,'Data QnA'!$C$6:$C$205,$Q$3,'Data QnA'!$F$6:$F$205,$P8,'Data QnA'!$M$6:$M$205,"SUCCESS"),"") | X8: =IFERROR(AVERAGEIFS('Data QnA'!$L$6:$L$205,'Data QnA'!$C$6:$C$205,$Q$3,'Data QnA'!$F$6:$F$205,$P8,'Data QnA'!$M$6:$M$205,"SUCCESS"),"") | Y8: =IF(OR(R8="",V8="",R8=0),"",(V8-R8)/R8)
P9: 8 | Q9: =COUNTIFS('Data QnA'!$C$6:$C$205,$Q$2,'Data QnA'!$F$6:$F$205,$P9,'Data QnA'!$M$6:$M$205,"SUCCESS") | R9: =IFERROR(AVERAGEIFS('Data QnA'!$K$6:$K$205,'Data QnA'!$C$6:$C$205,$Q$2,'Data QnA'!$F$6:$F$205,$P9,'Data QnA'!$M$6:$M$205,"SUCCESS"),"") | S9: =IFERROR(AVERAGEIFS('Data QnA'!$H$6:$H$205,'Data QnA'!$C$6:$C$205,$Q$2,'Data QnA'!$F$6:$F$205,$P9,'Data QnA'!$M$6:$M$205,"SUCCESS"),"") | T9: =IFERROR(AVERAGEIFS('Data QnA'!$L$6:$L$205,'Data QnA'!$C$6:$C$205,$Q$2,'Data QnA'!$F$6:$F$205,$P9,'Data QnA'!$M$6:$M$205,"SUCCESS"),"") | U9: =COUNTIFS('Data QnA'!$C$6:$C$205,$Q$3,'Data QnA'!$F$6:$F$205,$P9,'Data QnA'!$M$6:$M$205,"SUCCESS") | V9: =IFERROR(AVERAGEIFS('Data QnA'!$K$6:$K$205,'Data QnA'!$C$6:$C$205,$Q$3,'Data QnA'!$F$6:$F$205,$P9,'Data QnA'!$M$6:$M$205,"SUCCESS"),"") | W9: =IFERROR(AVERAGEIFS('Data QnA'!$H$6:$H$205,'Data QnA'!$C$6:$C$205,$Q$3,'Data QnA'!$F$6:$F$205,$P9,'Data QnA'!$M$6:$M$205,"SUCCESS"),"") | X9: =IFERROR(AVERAGEIFS('Data QnA'!$L$6:$L$205,'Data QnA'!$C$6:$C$205,$Q$3,'Data QnA'!$F$6:$F$205,$P9,'Data QnA'!$M$6:$M$205,"SUCCESS"),"") | Y9: =IF(OR(R9="",V9="",R9=0),"",(V9-R9)/R9)
P10: Semua | Q10: =COUNTIFS('Data QnA'!$C$6:$C$205,$Q$2,'Data QnA'!$M$6:$M$205,"SUCCESS") | R10: =IFERROR(AVERAGEIFS('Data QnA'!$K$6:$K$205,'Data QnA'!$C$6:$C$205,$Q$2,'Data QnA'!$M$6:$M$205,"SUCCESS"),"") | S10: =IFERROR(AVERAGEIFS('Data QnA'!$H$6:$H$205,'Data QnA'!$C$6:$C$205,$Q$2,'Data QnA'!$M$6:$M$205,"SUCCESS"),"") | T10: =IFERROR(AVERAGEIFS('Data QnA'!$L$6:$L$205,'Data QnA'!$C$6:$C$205,$Q$2,'Data QnA'!$M$6:$M$205,"SUCCESS"),"") | U10: =COUNTIFS('Data QnA'!$C$6:$C$205,$Q$3,'Data QnA'!$M$6:$M$205,"SUCCESS") | V10: =IFERROR(AVERAGEIFS('Data QnA'!$K$6:$K$205,'Data QnA'!$C$6:$C$205,$Q$3,'Data QnA'!$M$6:$M$205,"SUCCESS"),"") | W10: =IFERROR(AVERAGEIFS('Data QnA'!$H$6:$H$205,'Data QnA'!$C$6:$C$205,$Q$3,'Data QnA'!$M$6:$M$205,"SUCCESS"),"") | X10: =IFERROR(AVERAGEIFS('Data QnA'!$L$6:$L$205,'Data QnA'!$C$6:$C$205,$Q$3,'Data QnA'!$M$6:$M$205,"SUCCESS"),"") | Y10: =IF(OR(R10="",V10="",R10=0),"",(V10-R10)/R10)

Sheet Daftar Pilihan
A1: Daftar Pilihan
A2: Sumber dropdown. Label fase baru boleh ditambahkan di kolom A (baris kosong yang tersedia).
A4: Label Fase | B4: Mode | C4: Durasi Target (mnt) | D4: Status Akhir | E4: Tahap Gagal | F4: Pakai Ulang File?
A5: baseline | B5: baseline | C5: 1 | D5: SUCCESS | E5: UPLOAD | F5: Ya
A6: optimized | B6: optimized | C6: 3 | D6: SILENT_FAILURE | E6: FILE_ACTIVE | F6: Tidak
A7: baseline-fault30 | C7: 5 | D7: FAILED | E7: GENERATE
A8: optimized-fault30 | C8: 8 | D8: TIMEOUT | E8: PARSE
A9: baseline-hang20 | D9: STUCK | E9: SAVE
A10: optimized-hang20 | E10: DEADLINE
E11: ORPHANED
E12: VALIDATION
